source,title,price,original_price,discount,rating,review_count,product_url,image_url,local_image
priceoye,Infinix Smart 20,"Rs38,499","Rs39,999",4% OFF,4.9,34,https://priceoye.pk/mobiles/infinix/infinix-smart-20,https://images.priceoye.pk/infinix-smart-20-pakistan-priceoye-0s4x3-270x270.webp,output\priceoye\images\001_Infinix_Smart_20.webp
priceoye,Motorola Edge 70 Fusion,"Rs134,999","Rs139,999",4% OFF,,,https://priceoye.pk/mobiles/motorola/motorola-edge-70-fusion,https://images.priceoye.pk/motorola-edge-70-fusion-pakistan-priceoye-eq8o1-270x270.webp,output\priceoye\images\002_Motorola_Edge_70_Fusion.webp
priceoye,Infinix Note 60 Edge 5G,"Rs92,499","Rs99,999",8% OFF,4.8,24,https://priceoye.pk/mobiles/infinix/infinix-note-60-edge-5g,https://images.priceoye.pk/infinix-note-edge-pakistan-priceoye-x4pn1-270x270.webp,output\priceoye\images\003_Infinix_Note_60_Edge_5G.webp
priceoye,Honor X8d,"Rs74,499","Rs83,999",11% OFF,4.8,26,https://priceoye.pk/mobiles/honor/honor-x8d,https://images.priceoye.pk/honor-x8d-pakistan-priceoye-fhwli-270x270.webp,output\priceoye\images\004_Honor_X8d.webp
priceoye,Nothing CMF Phone 1 5G,"Rs76,599","Rs79,999",4% OFF,4.9,36,https://priceoye.pk/mobiles/nothing/nothing-cmf-phone-1-5g,https://images.priceoye.pk/nothing-cmf-phone-1-pakistan-priceoye-6mo6r-270x270.webp,output\priceoye\images\005_Nothing_CMF_Phone_1_5G.webp
priceoye,Vivo Y05,"Rs39,999","Rs44,999",11% OFF,4.8,25,https://priceoye.pk/mobiles/vivo/vivo-y05,https://images.priceoye.pk/vivo-y05-pakistan-priceoye-035r8-270x270.webp,output\priceoye\images\006_Vivo_Y05.webp
priceoye,Sego EPICx,"Rs33,499","Rs40,999",18% OFF,4,7,https://priceoye.pk/mobiles/sego/sego-epicx,https://images.priceoye.pk/sego-epicx-pakistan-priceoye-cp81e-270x270.webp,output\priceoye\images\007_Sego_EPICx.webp
priceoye,Realme C100i,"Rs35,999","Rs38,999",8% OFF,4.8,14,https://priceoye.pk/mobiles/realme/realme-c100i,https://images.priceoye.pk/realme-c100i-pakistan-priceoye-m0x3n-270x270.webp,output\priceoye\images\008_Realme_C100i.webp
priceoye,Oppo A6,"Rs67,999","Rs74,999",9% OFF,5,23,https://priceoye.pk/mobiles/oppo/oppo-a6,https://images.priceoye.pk/oppo-a6-pakistan-priceoye-2b09q-270x270.webp,output\priceoye\images\009_Oppo_A6.webp
priceoye,Tecno Spark 50,"Rs54,499","Rs60,999",11% OFF,4.9,20,https://priceoye.pk/mobiles/tecno/tecno-spark-50,https://images.priceoye.pk/tecno-spark-50-pakistan-priceoye-lykqb-270x270.webp,output\priceoye\images\010_Tecno_Spark_50.webp
priceoye,Apple Iphone 17 Pro Max,"Rs462,499","Rs535,600",14% OFF,4.9,18,https://priceoye.pk/mobiles/apple/apple-iphone-17-pro-max,https://images.priceoye.pk/apple-17-pro-max-pakistan-priceoye-5srcg-270x270.webp,output\priceoye\images\011_Apple_Iphone_17_Pro_Max.webp
priceoye,Xiaomi Redmi 9C,"Rs33,499","Rs39,999",16% OFF,4.8,116,https://priceoye.pk/mobiles/xiaomi/xiaomi-redmi-9c,https://images.priceoye.pk/xiaomi-redmi-9c-pakistan-priceoye-r0fbp-270x270.webp,output\priceoye\images\012_Xiaomi_Redmi_9C.webp
priceoye,VGO TEL i252,"Rs3,649","Rs3,999",9% OFF,4.5,2,https://priceoye.pk/mobiles/vgo-tel/vgo-tel-i252,https://images.priceoye.pk/vgo-tel-i252-pakistan-priceoye-q22vl-270x270.webp,output\priceoye\images\013_VGO_TEL_i252.webp
priceoye,Qmobile E1000 Party 2021,"Rs3,829",,,,,https://priceoye.pk/mobiles/qmobile/qmobile-e1000-party-2021,https://images.priceoye.pk/qmobile-e1000-party-2021-pakistan-priceoye-jlrj6-270x270.webp,output\priceoye\images\014_Qmobile_E1000_Party_2021.webp
priceoye,me Mobile Power Bold,"Rs2,299","Rs2,999",23% OFF,5,1,https://priceoye.pk/mobiles/me-mobile/me-mobile-power-bold,https://images.priceoye.pk/me-mobile-power-bold-pakistan-priceoye-ifv3v-270x270.webp,output\priceoye\images\015_me_Mobile_Power_Bold.webp
priceoye,GRESSO 4sim,"Rs2,949","Rs3,500",16% OFF,4.7,3,https://priceoye.pk/mobiles/gresso/gresso-4sim,https://images.priceoye.pk/gresso-4sim-pakistan-priceoye-n0u5j-270x270.webp,output\priceoye\images\016_GRESSO_4sim.webp
priceoye,XMobile X2 Selfie,"Rs2,429",,,5,3,https://priceoye.pk/mobiles/xmobile/xmobile-x2-selfie,https://images.priceoye.pk/xmobile-x2-pakistan-priceoye-ulet8-270x270.webp,output\priceoye\images\017_XMobile_X2_Selfie.webp
priceoye,XMobile Dabang Plus,"Rs3,099","Rs3,849",19% OFF,,,https://priceoye.pk/mobiles/xmobile/xmobile-dabang-plus,https://images.priceoye.pk/xmobile-dabang-plus-pakistan-priceoye-mmznu-270x270.webp,output\priceoye\images\018_XMobile_Dabang_Plus.webp
priceoye,XMobile X1000 Music,"Rs3,999",,,,,https://priceoye.pk/mobiles/xmobile/xmobile-x1000-music,https://images.priceoye.pk/xmobile-x1000-music-pakistan-priceoye-xz29a-270x270.webp,output\priceoye\images\019_XMobile_X1000_Music.webp
priceoye,XMobile X3,"Rs2,649","Rs2,899",9% OFF,5,2,https://priceoye.pk/mobiles/xmobile/xmobile-x3,https://images.priceoye.pk/xmobile-x3-pakistan-priceoye-blhie-270x270.webp,output\priceoye\images\020_XMobile_X3.webp
priceoye,E-Tachi iPro,"Rs3,499","Rs4,999",30% OFF,5,14,https://priceoye.pk/mobiles/e-tachi/e-tachi-ipro,https://images.priceoye.pk/e-tachi-ipro-pakistan-priceoye-4xe2m-270x270.webp,output\priceoye\images\021_E-Tachi_iPro.webp
priceoye,Nokia 110 2023,"Rs5,099","Rs6,899",26% OFF,4.6,15,https://priceoye.pk/mobiles/nokia/nokia-110-2023,https://images.priceoye.pk/nokia-110-2023-pakistan-priceoye-credt-270x270.webp,output\priceoye\images\022_Nokia_110_2023.webp
priceoye,Xmobile D4 Ultra,"Rs3,200","Rs4,099",22% OFF,,,https://priceoye.pk/mobiles/xmobile/xmobile-d4-ultra,https://images.priceoye.pk/xmobile-d4-ultra-pakistan-priceoye-hyphw-270x270.webp,output\priceoye\images\023_Xmobile_D4_Ultra.webp
priceoye,Xmobile G3 Plus,"Rs3,299","Rs3,399",3% OFF,,,https://priceoye.pk/mobiles/xmobile/xmobile-g3-plus,https://images.priceoye.pk/xmobile-g3-plus-pakistan-priceoye-561tj-270x270.webp,output\priceoye\images\024_Xmobile_G3_Plus.webp
priceoye,Xmobile Platinum 1000,"Rs3,329",,,5,4,https://priceoye.pk/mobiles/xmobile/xmobile-platinum-1000,https://images.priceoye.pk/xmobile-platinum-1000-pakistan-priceoye-vcqt9-270x270.webp,output\priceoye\images\025_Xmobile_Platinum_1000.webp
priceoye,Qmobile QGuru Plus,"Rs2,299",,,4.8,26,https://priceoye.pk/mobiles/qmobile/qmobile-qguru-plus,https://images.priceoye.pk/qmobile-guru-plus-pakistan-priceoye-awfm7-270x270.webp,output\priceoye\images\026_Qmobile_QGuru_Plus.webp
priceoye,Qmobile Q150,"Rs2,779",,,4.8,5,https://priceoye.pk/mobiles/qmobile/qmobile-q150,https://images.priceoye.pk/qmobile-q150-pakistan-priceoye-odffh-270x270.webp,output\priceoye\images\027_Qmobile_Q150.webp
priceoye,Qmobile Q150s,"Rs2,649",,,4.7,11,https://priceoye.pk/mobiles/qmobile/qmobile-q150s,https://images.priceoye.pk/qmobile-q150s-pakistan-priceoye-vfljr-270x270.webp,output\priceoye\images\028_Qmobile_Q150s.webp
priceoye,Itel it2166,"Rs2,699","Rs2,749",2% OFF,4.9,43,https://priceoye.pk/mobiles/itel/itel-it2166,https://images.priceoye.pk/itel-it2166-pakistan-priceoye-j7ttn-270x270.webp,output\priceoye\images\029_Itel_it2166.webp
priceoye,Itel Magic 4,"Rs3,499","Rs4,099",15% OFF,4.7,29,https://priceoye.pk/mobiles/itel/itel-magic-4-it6360,https://images.priceoye.pk/itel-magic-4-it6360-pakistan-priceoye-26xrc-270x270.webp,output\priceoye\images\030_Itel_Magic_4.webp
priceoye,XMobile X4 Music,"Rs3,099","Rs3,170",2% OFF,5,1,https://priceoye.pk/mobiles/xmobile/xmobile-x4-music,https://images.priceoye.pk/xmobile-x4-music-pakistan-priceoye-diuq8-270x270.webp,output\priceoye\images\031_XMobile_X4_Music.webp
priceoye,QMobile QHero,"Rs3,249","Rs3,299",2% OFF,5,3,https://priceoye.pk/mobiles/qmobile/qmobile-qhero,https://images.priceoye.pk/qmobile-qhero-pakistan-priceoye-0vt62-270x270.webp,output\priceoye\images\032_QMobile_QHero.webp
priceoye,VGO TEL i15,"Rs4,299",,,5,1,https://priceoye.pk/mobiles/vgo-tel/vgo-tel-i15,https://images.priceoye.pk/vgo-tel-i15-pakistan-priceoye-fnaw4-270x270.webp,output\priceoye\images\033_VGO_TEL_i15.webp
priceoye,Gresso A10,"Rs3,300",,,,,https://priceoye.pk/mobiles/gresso/gresso-a10,https://images.priceoye.pk/gresso-a10-pakistan-priceoye-ci7vw-270x270.webp,output\priceoye\images\034_Gresso_A10.webp
priceoye,Gresso SILK SLIM,"Rs2,799","Rs3,999",30% OFF,,,https://priceoye.pk/mobiles/gresso/gresso-silk-slim,https://images.priceoye.pk/gresso-silk-slim-pakistan-priceoye-47b19-270x270.webp,output\priceoye\images\035_Gresso_SILK_SLIM.webp
priceoye,VGO TEL Beauty Max,"Rs3,649",,,4.5,2,https://priceoye.pk/mobiles/vgo-tel/vgo-tel-beauty-max,https://images.priceoye.pk/vgo-tel-beauty-max-pakistan-priceoye-3pypt-270x270.webp,output\priceoye\images\036_VGO_TEL_Beauty_Max.webp
priceoye,Memobile I Smart Pro,"Rs3,349",,,5,1,https://priceoye.pk/mobiles/me-mobile/memobile-i-smart-pro,https://images.priceoye.pk/memobile-i-smart-pro-pakistan-priceoye-znpoa-270x270.webp,output\priceoye\images\037_Memobile_I_Smart_Pro.webp
priceoye,Memobile I Smart Ultra,"Rs3,249","Rs3,449",6% OFF,4.5,2,https://priceoye.pk/mobiles/me-mobile/memobile-i-smart-ultra,https://images.priceoye.pk/memobile-i-smart-ultra-pakistan-priceoye-jviz2-270x270.webp,output\priceoye\images\038_Memobile_I_Smart_Ultra.webp
priceoye,Spice ipro Ultra,"Rs3,499",,,,,https://priceoye.pk/mobiles/spice/spice-ipro-ultra,https://images.priceoye.pk/spice-ipro-ultra-pakistan-priceoye-rmlwi-270x270.webp,output\priceoye\images\039_Spice_ipro_Ultra.webp
priceoye,GRESSO 007i,"Rs2,349",,,3,1,https://priceoye.pk/mobiles/gresso/gresso-007i,https://images.priceoye.pk/gresso-007i-pakistan-priceoye-7pznp-270x270.webp,output\priceoye\images\040_GRESSO_007i.webp
priceoye,Gresso Turbo 2,"Rs2,399",,,5,2,https://priceoye.pk/mobiles/gresso/gresso-turbo-2,https://images.priceoye.pk/gresso-turbo-2-pakistan-priceoye-d0hig-270x270.webp,output\priceoye\images\041_Gresso_Turbo_2.webp
priceoye,Club Mobile Winner,"Rs3,299",,,,,https://priceoye.pk/mobiles/club-mobile/club-mobile-winner,https://images.priceoye.pk/club-mobile-winner-pakistan-priceoye-tzbua-270x270.webp,output\priceoye\images\042_Club_Mobile_Winner.webp
priceoye,Sego music 500,"Rs3,149","Rs3,650",14% OFF,5,1,https://priceoye.pk/mobiles/sego/sego-music-500,https://images.priceoye.pk/sego-music-500-pakistan-priceoye-41qmo-270x270.webp,output\priceoye\images\043_Sego_music_500.webp
priceoye,Zentality B3310,"Rs2,199",,,,,https://priceoye.pk/mobiles/zentality/zentality-b3310,https://images.priceoye.pk/zentality-b3310-pakistan-priceoye-1m8nw-270x270.webp,output\priceoye\images\044_Zentality_B3310.webp
priceoye,QMobile QMagic,"Rs5,599",,,,,https://priceoye.pk/mobiles/qmobile/qmobile-qmagic,https://images.priceoye.pk/qmobile-qmagic-pakistan-priceoye-qaqn4-270x270.webp,output\priceoye\images\045_QMobile_QMagic.webp
priceoye,QMobile Boom 100,"Rs2,550",,,4.5,2,https://priceoye.pk/mobiles/qmobile/qmobile-boom-100,https://images.priceoye.pk/qmobile-boom-100-pakistan-priceoye-ayy0f-270x270.webp,output\priceoye\images\046_QMobile_Boom_100.webp
priceoye,QMobile Boom 200,"Rs2,630",,,5,1,https://priceoye.pk/mobiles/qmobile/qmobile-boom-200,https://images.priceoye.pk/qmobile-boom-200-pakistan-priceoye-h6r2q-270x270.webp,output\priceoye\images\047_QMobile_Boom_200.webp
priceoye,QMobile Boom 400,"Rs2,950",,,5,2,https://priceoye.pk/mobiles/qmobile/qmobile-boom-400,https://images.priceoye.pk/qmobile-boom-400-pakistan-priceoye-fkhf9-270x270.webp,output\priceoye\images\048_QMobile_Boom_400.webp
priceoye,QMobile q2165,"Rs2,180",,,5,3,https://priceoye.pk/mobiles/qmobile/qmobile-2165,https://images.priceoye.pk/qmobile-2165-pakistan-priceoye-ln0y3-270x270.webp,output\priceoye\images\049_QMobile_q2165.webp
priceoye,QMobile Q5606,"Rs2,499","Rs2,999",17% OFF,5,1,https://priceoye.pk/mobiles/qmobile/qmobile-q5606,https://images.priceoye.pk/qmobile-q5606-pakistan-priceoye-ftxqw-270x270.webp,output\priceoye\images\050_QMobile_Q5606.webp
priceoye,QMobile E4 2025,"Rs2,999",,,,,https://priceoye.pk/mobiles/qmobile/qmobile-e4-2025,https://images.priceoye.pk/qmobile-e4-2025-pakistan-priceoye-24xcs-270x270.webp,output\priceoye\images\051_QMobile_E4_2025.webp
priceoye,Gfive 16 Pro 2G,"Rs3,349","Rs3,999",16% OFF,5,5,https://priceoye.pk/mobiles/gfive/gfive-16-pro-2g,https://images.priceoye.pk/gfive-16-pro-2g-pakistan-priceoye-nqfks-270x270.webp,output\priceoye\images\052_Gfive_16_Pro_2G.webp
priceoye,Gfive Magic Smart,"Rs3,050",,,,,https://priceoye.pk/mobiles/gfive/gfive-magic-smart,https://images.priceoye.pk/gfive-magic-smart-pakistan-priceoye-b7smd-270x270.webp,output\priceoye\images\053_Gfive_Magic_Smart.webp
priceoye,Memobile Power 300,"Rs2,299",,,5,2,https://priceoye.pk/mobiles/me-mobile/memobile-power-300,https://images.priceoye.pk/memobile-power-300-pakistan-priceoye-45haj-270x270.webp,output\priceoye\images\054_Memobile_Power_300.webp
priceoye,Memobile Power Master,"Rs2,499","Rs2,999",17% OFF,,,https://priceoye.pk/mobiles/me-mobile/memobile-power-master,https://images.priceoye.pk/memobile-power-master-pakistan-priceoye-vs3yx-270x270.webp,output\priceoye\images\055_Memobile_Power_Master.webp
priceoye,Digit C2,"Rs2,499","Rs2,999",17% OFF,,,https://priceoye.pk/mobiles/digit/digit-c2,https://images.priceoye.pk/digit-c2-pakistan-priceoye-vs94q-270x270.webp,output\priceoye\images\056_Digit_C2.webp
priceoye,Digit C1,"Rs2,349","Rs2,399",2% OFF,,,https://priceoye.pk/mobiles/digit/digit-c1,https://images.priceoye.pk/digit-c1-pakistan-priceoye-k2a02-270x270.webp,output\priceoye\images\057_Digit_C1.webp
priceoye,Me Mobile Yorker bold,"Rs2,499","Rs2,999",17% OFF,,,https://priceoye.pk/mobiles/me-mobile/me-mobile-yorker-bold,https://images.priceoye.pk/me-mobile-yorker-bold-pakistan-priceoye-7dlm4-270x270.webp,output\priceoye\images\058_Me_Mobile_Yorker_bold.webp
priceoye,Me Mobile E800 pro,"Rs2,749","Rs2,999",8% OFF,,,https://priceoye.pk/mobiles/me-mobile/me-mobile-e800-pro,https://images.priceoye.pk/me-mobile-e800-pro-pakistan-priceoye-c6cv3-270x270.webp,output\priceoye\images\059_Me_Mobile_E800_pro.webp
priceoye,Spice S7 Power,"Rs2,425","Rs2,799",13% OFF,,,https://priceoye.pk/mobiles/spice/spice-s7-power,https://images.priceoye.pk/spice-s7-power-pakistan-priceoye-25t8o-270x270.webp,output\priceoye\images\060_Spice_S7_Power.webp
priceoye,Spice S9 Power,"Rs2,349","Rs2,399",2% OFF,,,https://priceoye.pk/mobiles/spice/spice-s9-power,https://images.priceoye.pk/spice-s9-power-pakistan-priceoye-y5wmx-270x270.webp,output\priceoye\images\061_Spice_S9_Power.webp
priceoye,Spice S10 power,"Rs2,500",,,,,https://priceoye.pk/mobiles/spice/spice-s10-power,https://images.priceoye.pk/spice-s10-power-pakistan-priceoye-zp1i8-270x270.webp,output\priceoye\images\062_Spice_S10_power.webp
priceoye,Spice S22 Power,"Rs3,349","Rs3,399",1% OFF,,,https://priceoye.pk/mobiles/spice/spice-s22-power,https://images.priceoye.pk/spice-s22-power-pakistan-priceoye-8kfdj-270x270.webp,output\priceoye\images\063_Spice_S22_Power.webp
priceoye,Faywa HD 1,"Rs2,999","Rs3,300",9% OFF,5,1,https://priceoye.pk/mobiles/faywa/faywa-hd-1,https://images.priceoye.pk/faywa-hd-1-pakistan-priceoye-f1qmv-270x270.webp,output\priceoye\images\064_Faywa_HD_1.webp
priceoye,Digit D1,"Rs2,999",,,,,https://priceoye.pk/mobiles/digit/digit-d1,https://images.priceoye.pk/digit-d1-pakistan-priceoye-bwafo-270x270.webp,output\priceoye\images\065_Digit_D1.webp
priceoye,QMobile QCrystal,"Rs3,449",,,,,https://priceoye.pk/mobiles/qmobile/qmobile-qcrystal,https://images.priceoye.pk/qmobile-qcrystal-pakistan-priceoye-kz3tm-270x270.webp,output\priceoye\images\066_QMobile_QCrystal.webp
priceoye,LvTel Simba,"Rs2,149",,,,,https://priceoye.pk/mobiles/lvtel/lvtel-simba,https://images.priceoye.pk/lvtel-simba-pakistan-priceoye-ktzvl-270x270.webp,output\priceoye\images\067_LvTel_Simba.webp
priceoye,LvTel Mufasa,"Rs2,149",,,5,1,https://priceoye.pk/mobiles/lvtel/lvtel-mufasa,https://images.priceoye.pk/lvtel-mufasa-pakistan-priceoye-x7q0z-270x270.webp,output\priceoye\images\068_LvTel_Mufasa.webp
priceoye,QMobile QGuru Pro,"Rs2,299",,,,,https://priceoye.pk/mobiles/qmobile/qmobile-qguru-pro,https://images.priceoye.pk/qmobile-qguru-pro-pakistan-priceoye-a1h3v-270x270.webp,output\priceoye\images\069_QMobile_QGuru_Pro.webp
priceoye,Digit Neo,"Rs2,349",,,,,https://priceoye.pk/mobiles/digit/digit-neo,https://images.priceoye.pk/digit-neo-pakistan-priceoye-ujggl-270x270.webp,output\priceoye\images\070_Digit_Neo.webp
priceoye,Digit Nova,"Rs2,249",,,,,https://priceoye.pk/mobiles/digit/digit-nova,https://images.priceoye.pk/digit-nova-pakistan-priceoye-6oi4g-270x270.webp,output\priceoye\images\071_Digit_Nova.webp
priceoye,XMobile SL101,"Rs3,289",,,,,https://priceoye.pk/mobiles/xmobile/xmobile-sl101,https://images.priceoye.pk/xmobile-sl101-pakistan-priceoye-zhvmw-270x270.webp,output\priceoye\images\072_XMobile_SL101.webp
priceoye,XMobile X30,"Rs3,019",,,5,1,https://priceoye.pk/mobiles/xmobile/xmobile-x30,https://images.priceoye.pk/xmobile-x30-pakistan-priceoye-i8s3h-270x270.webp,output\priceoye\images\073_XMobile_X30.webp
priceoye,Itel it2181,"Rs2,799","Rs2,999",7% OFF,5,1,https://priceoye.pk/mobiles/itel/itel-it-2181,https://images.priceoye.pk/itel-it-2181-pakistan-priceoye-dphfm-270x270.webp,output\priceoye\images\074_Itel_it2181.webp
priceoye,Calme C150i,"Rs3,150","Rs3,999",21% OFF,4,1,https://priceoye.pk/mobiles/calme/calme-c150i,https://images.priceoye.pk/calme-c150i-pakistan-priceoye-f6ltr-270x270.webp,output\priceoye\images\075_Calme_C150i.webp
priceoye,Memobile I touch,"Rs3,149","Rs3,850",18% OFF,4,1,https://priceoye.pk/mobiles/me-mobile/memobile-i-touch,https://images.priceoye.pk/memobile-i-touch-pakistan-priceoye-6xkem-270x270.webp,output\priceoye\images\076_Memobile_I_touch.webp
priceoye,Gfive G96,"Rs3,599","Rs3,999",10% OFF,4.9,9,https://priceoye.pk/mobiles/gfive/gfive-g96,https://images.priceoye.pk/gfive-g96-pakistan-priceoye-2k8pd-270x270.webp,output\priceoye\images\077_Gfive_G96.webp
priceoye,me Mobile L109,"Rs2,249","Rs2,350",4% OFF,,,https://priceoye.pk/mobiles/me-mobile/me-mobile-l109,https://images.priceoye.pk/me-mobile-l-109-pakistan-priceoye-qv1r4-270x270.webp,output\priceoye\images\078_me_Mobile_L109.webp
priceoye,QMobile Q2165 Music,"Rs2,450",,,5,2,https://priceoye.pk/mobiles/qmobile/qmobile-q2165-music,https://images.priceoye.pk/qmobile-q2165-music-pakistan-priceoye-38nwu-270x270.webp,output\priceoye\images\079_QMobile_Q2165_Music.webp
priceoye,Digit Hero 3,"Rs2,850",,,4.7,3,https://priceoye.pk/mobiles/digit/digit-hero-3,https://images.priceoye.pk/digit-hero-3-pakistan-priceoye-4tsbc-270x270.webp,output\priceoye\images\080_Digit_Hero_3.webp
priceoye,Sego Neo 20 Pro,"Rs21,999","Rs23,999",8% OFF,4.5,4,https://priceoye.pk/mobiles/sego/sego-neo-20-pro,https://images.priceoye.pk/sego-neo-20-pro-pakistan-priceoye-9ywb6-270x270.webp,output\priceoye\images\081_Sego_Neo_20_Pro.webp
priceoye,Qmobile Q Galaxy,"Rs5,449","Rs5,629",3% OFF,,,https://priceoye.pk/mobiles/qmobile/qmobile-q-galaxy,https://images.priceoye.pk/qmobile-q-galaxy-pakistan-priceoye-dwrq1-270x270.webp,output\priceoye\images\082_Qmobile_Q_Galaxy.webp
priceoye,Hmd 150 Music,"Rs6,249","Rs6,299",1% OFF,4.9,17,https://priceoye.pk/mobiles/hmd/hmd-150-music,https://images.priceoye.pk/hmd-150-music-pakistan-priceoye-tia03-270x270.webp,output\priceoye\images\083_Hmd_150_Music.webp
priceoye,VGO Tel New 16 Pro,"Rs24,799","Rs25,750",4% OFF,4.7,3,https://priceoye.pk/mobiles/vgo-tel/vgo-tel-new-16-pro,https://images.priceoye.pk/vgo-tel-new-16-pro-pakistan-priceoye-4iueg-270x270.webp,output\priceoye\images\084_VGO_Tel_New_16_Pro.webp
priceoye,Sego Value 200,"Rs2,299","Rs2,599",12% OFF,4.6,8,https://priceoye.pk/mobiles/sego/sego-value-200,https://images.priceoye.pk/sego-value-200-pakistan-priceoye-dajtd-270x270.webp,output\priceoye\images\085_Sego_Value_200.webp
priceoye,VGO TEL i104,"Rs2,499",,,5,12,https://priceoye.pk/mobiles/vgo-tel/vgo-tel-i104,https://images.priceoye.pk/vgo-tel-i104-pakistan-priceoye-wsgr4-270x270.webp,output\priceoye\images\086_VGO_TEL_i104.webp
priceoye,Calme Ultra Lite S,"Rs2,699","Rs2,799",4% OFF,5,1,https://priceoye.pk/mobiles/calme/calme-ultra-lite-s,https://images.priceoye.pk/calme-ultra-lite-s-pakistan-priceoye-h1axb-270x270.webp,output\priceoye\images\087_Calme_Ultra_Lite_S.webp
priceoye,Calme C222,"Rs3,099",,,4,1,https://priceoye.pk/mobiles/calme/calme-c-222,https://images.priceoye.pk/calme-c-222-pakistan-priceoye-af1n3-270x270.webp,output\priceoye\images\088_Calme_C222.webp
priceoye,Sego Smart 10 Limited Edition,"Rs23,699","Rs29,999",21% OFF,5,6,https://priceoye.pk/mobiles/sego/sego-smart-10-limited-edition,https://images.priceoye.pk/sego-smart-10-limited-edition-pakistan-priceoye-174z9-270x270.webp,output\priceoye\images\089_Sego_Smart_10_Limited_Edition.webp
priceoye,QMobile Q2165 Eco,"Rs2,249",,,4,1,https://priceoye.pk/mobiles/qmobile/qmobile-q2165-eco,https://images.priceoye.pk/qmobile-q2165-eco-pakistan-priceoye-wtgkj-270x270.webp,output\priceoye\images\090_QMobile_Q2165_Eco.webp
priceoye,XMobile Prime 100,"Rs3,239",,,,,https://priceoye.pk/mobiles/xmobile/xmobile-prime-100,https://images.priceoye.pk/xmobile-prime-100-pakistan-priceoye-xaxbh-270x270.webp,output\priceoye\images\091_XMobile_Prime_100.webp
priceoye,Calme 4G Music,"Rs6,799",,,4.6,6,https://priceoye.pk/mobiles/calme/calme-4g-music,https://images.priceoye.pk/calme-4g-music-pakistan-priceoye-38hlq-270x270.webp,output\priceoye\images\092_Calme_4G_Music.webp
priceoye,Nokia 130 (2023),"Rs6,199",,,4.9,10,https://priceoye.pk/mobiles/nokia/nokia-130-2023,https://images.priceoye.pk/nokia-130-2023-pakistan-priceoye-wispz-270x270.webp,output\priceoye\images\093_Nokia_130__2023_.webp
priceoye,Club Mobile Super Hit,"Rs2,849",,,5,4,https://priceoye.pk/mobiles/club-mobile/club-mobile-super-hit,https://images.priceoye.pk/club-mobile-super-hit-pakistan-priceoye-zvhdv-270x270.webp,output\priceoye\images\094_Club_Mobile_Super_Hit.webp
priceoye,Itel It2165,"Rs2,449","Rs2,999",18% OFF,4.8,42,https://priceoye.pk/mobiles/itel/itel-it2165,https://images.priceoye.pk/itel-it2165-pakistan-priceoye-86qt9-270x270.webp,output\priceoye\images\095_Itel_It2165.webp
priceoye,Nokia 6310 (2024),"Rs10,999","Rs11,449",4% OFF,4.7,3,https://priceoye.pk/mobiles/nokia/nokia-6310-2024,https://images.priceoye.pk/nokia-6310-2024-pakistan-priceoye-k0hbe-270x270.webp,output\priceoye\images\096_Nokia_6310__2024_.webp
priceoye,Samsung Galaxy Z Flip 5,"Rs217,999","Rs399,999",46% OFF,4,3,https://priceoye.pk/mobiles/samsung/samsung-galaxy-z-flip-5,https://images.priceoye.pk/samsung-galaxy-z-flip-5-pakistan-priceoye-xks8x-270x270.webp,output\priceoye\images\097_Samsung_Galaxy_Z_Flip_5.webp
priceoye,ZTE Nubia A56,"Rs28,799","Rs33,999",15% OFF,4.9,15,https://priceoye.pk/mobiles/zte/zte-nubia-a56,https://images.priceoye.pk/zte-nubia-a56-pakistan-priceoye-h19xp-270x270.webp,output\priceoye\images\098_ZTE_Nubia_A56.webp
priceoye,Faywa Play Tv,"Rs4,199",,,4.6,5,https://priceoye.pk/mobiles/faywa/faywa-play-tv,https://images.priceoye.pk/faywa-play-tv-pakistan-priceoye-pluh7-270x270.webp,output\priceoye\images\099_Faywa_Play_Tv.webp
priceoye,Sego Orbit O1,"Rs23,749","Rs31,999",26% OFF,,,https://priceoye.pk/mobiles/sego/sego-orbit-o1,https://images.priceoye.pk/sego-orbit-o1-pakistan-priceoye-dhnhj-270x270.webp,output\priceoye\images\100_Sego_Orbit_O1.webp
priceoye,Digit power king,"Rs2,499",,,,,https://priceoye.pk/mobiles/digit/digit-power-king,https://images.priceoye.pk/digit-power-king-pakistan-priceoye-ktg69-270x270.webp,output\priceoye\images\101_Digit_power_king.webp
priceoye,Villaon V200S,"Rs2,299",,,,,https://priceoye.pk/mobiles/villaon/villaon-v200s,https://images.priceoye.pk/villaon-v200s-pakistan-priceoye-1yci5-270x270.webp,output\priceoye\images\102_Villaon_V200S.webp
priceoye,Itel A50C Special Edition,"Rs21,499","Rs24,999",14% OFF,4,2,https://priceoye.pk/mobiles/itel/itel-a50c-special-edition,https://images.priceoye.pk/itel-a50c-special-edition-pakistan-priceoye-yrgj9-270x270.webp,output\priceoye\images\103_Itel_A50C_Special_Edition.webp
priceoye,Gfive Pro 16,"Rs22,999","Rs23,999",4% OFF,4.8,4,https://priceoye.pk/mobiles/gfive/gfive-16-pro,https://images.priceoye.pk/gfive-16-pro-pakistan-priceoye-zzibk-270x270.webp,output\priceoye\images\104_Gfive_Pro_16.webp
priceoye,VGO TEL i16,"Rs3,949","Rs3,999",1% OFF,5,3,https://priceoye.pk/mobiles/vgo-tel/vgo-tel-i16,https://images.priceoye.pk/vgo-tel-i16-pakistan-priceoye-qlb62-270x270.webp,output\priceoye\images\105_VGO_TEL_i16.webp
priceoye,Sego Power 200s,"Rs2,349","Rs2,499",6% OFF,5,1,https://priceoye.pk/mobiles/sego/sego-power-200s,https://images.priceoye.pk/sego-power-200s-pakistan-priceoye-xh010-270x270.webp,output\priceoye\images\106_Sego_Power_200s.webp
priceoye,Sego Power 200,"Rs2,499","Rs3,200",22% OFF,,,https://priceoye.pk/mobiles/sego/sego-power-200,https://images.priceoye.pk/sego-power-200-pakistan-priceoye-dtlvo-270x270.webp,output\priceoye\images\107_Sego_Power_200.webp
priceoye,HMD 105 Pure,"Rs3,049",,,4.7,15,https://priceoye.pk/mobiles/hmd/hmd-105-pure,https://images.priceoye.pk/hmd-105-pure-pakistan-priceoye-rnspb-270x270.webp,output\priceoye\images\108_HMD_105_Pure.webp
priceoye,GFive Magic,"Rs3,399","Rs3,999",15% OFF,5,5,https://priceoye.pk/mobiles/gfive/gfive-magic,https://images.priceoye.pk/gfive-magic-pakistan-priceoye-4ojqg-270x270.webp,output\priceoye\images\109_GFive_Magic.webp
priceoye,Sego Note 80x,"Rs22,899","Rs30,999",26% OFF,5,1,https://priceoye.pk/mobiles/sego/sego-note-80x,https://images.priceoye.pk/sego-note-80x-pakistan-priceoye-q69xm-270x270.webp,output\priceoye\images\110_Sego_Note_80x.webp
priceoye,Samsung Galaxy S23 Ultra,"Rs269,999","Rs382,999",30% OFF,4.7,24,https://priceoye.pk/mobiles/samsung/samsung-galaxy-s23-ultra,https://images.priceoye.pk/samsung-galaxy-s23-ultra-pakistan-priceoye-7uysk-270x270.webp,output\priceoye\images\111_Samsung_Galaxy_S23_Ultra.webp
priceoye,Samsung Galaxy Z Flip 6,"Rs304,999","Rs384,999",21% OFF,4.8,4,https://priceoye.pk/mobiles/samsung/z-flip-6,https://images.priceoye.pk/z-flip-6-pakistan-priceoye-s169r-270x270.webp,output\priceoye\images\112_Samsung_Galaxy_Z_Flip_6.webp
priceoye,Nothing Phone 3A,"Rs143,499","Rs160,999",11% OFF,4.9,26,https://priceoye.pk/mobiles/nothing/nothing-phone-3a,https://images.priceoye.pk/nothing-phone-3a-pakistan-priceoye-31lt6-270x270.webp,output\priceoye\images\113_Nothing_Phone_3A.webp
priceoye,Me Mobile Cammando,"Rs3,199","Rs3,999",20% OFF,5,2,https://priceoye.pk/mobiles/me-mobile/me-mobile-cammando,https://images.priceoye.pk/me-mobile-cammando-pakistan-priceoye-e386z-270x270.webp,output\priceoye\images\114_Me_Mobile_Cammando.webp
priceoye,Itel A200 Plus,"Rs29,999","Rs31,999",6% OFF,4.9,8,https://priceoye.pk/mobiles/itel/itel-a200-plus,https://images.priceoye.pk/itel-a200-plus-pakistan-priceoye-b6aug-270x270.webp,output\priceoye\images\115_Itel_A200_Plus.webp
priceoye,Nokia 230 Dual SIM,"Rs13,449",,,4.5,17,https://priceoye.pk/mobiles/nokia/nokia-230-dual-sim,https://images.priceoye.pk/nokia-230-dual-sim-pakistan-priceoye-270x270.webp,output\priceoye\images\116_Nokia_230_Dual_SIM.webp
priceoye,Samsung Galaxy S22 Ultra,"Rs254,999","Rs424,999",40% OFF,4.9,101,https://priceoye.pk/mobiles/samsung/samsung-galaxy-s22-ultra,https://images.priceoye.pk/samsung-galaxy-s22-ultra-pakistan-priceoye-w6bkl-270x270.webp,output\priceoye\images\117_Samsung_Galaxy_S22_Ultra.webp
priceoye,Nokia 5710,"Rs13,999","Rs19,999",30% OFF,5,7,https://priceoye.pk/mobiles/nokia/nokia-5710,https://images.priceoye.pk/nokia-5710-pakistan-priceoye-vueay-270x270.webp,output\priceoye\images\118_Nokia_5710.webp
priceoye,Samsung Galaxy Z Fold 6,"Rs469,999","Rs604,999",22% OFF,4.3,3,https://priceoye.pk/mobiles/samsung/samsung-galaxy-z-fold-6,https://images.priceoye.pk/samsung-galaxy-z-fold-6-pakistan-priceoye-6jsny-270x270.webp,output\priceoye\images\119_Samsung_Galaxy_Z_Fold_6.webp
priceoye,Nokia 3210,"Rs12,449",,,4.9,21,https://priceoye.pk/mobiles/nokia/nokia-3210,https://images.priceoye.pk/nokia-3210-pakistan-priceoye-ivkqn-270x270.webp,output\priceoye\images\120_Nokia_3210.webp
priceoye,Nokia 130 Music,"Rs6,449","Rs6,500",1% OFF,4.9,23,https://priceoye.pk/mobiles/nokia/nokia-130-music,https://images.priceoye.pk/nokia-130-music-pakistan-priceoye-gmulj-270x270.webp,output\priceoye\images\121_Nokia_130_Music.webp
priceoye,Itel Super S26 Ultra,"Rs59,499","Rs61,999",4% OFF,4.9,34,https://priceoye.pk/mobiles/itel/itel-super-s26-ultra,https://images.priceoye.pk/itel-super-s26-ultra-pakistan-priceoye-iptw0-270x270.webp,output\priceoye\images\122_Itel_Super_S26_Ultra.webp
priceoye,Itel A100C,"Rs21,999","Rs24,999",12% OFF,4.9,25,https://priceoye.pk/mobiles/itel/itel-a100c,https://images.priceoye.pk/itel-a100c-pakistan-priceoye-1vfvr-270x270.webp,output\priceoye\images\123_Itel_A100C.webp
priceoye,Itel It 2165 Pro,"Rs2,749",,,,,https://priceoye.pk/mobiles/itel/itel-it-2165-pro,https://images.priceoye.pk/itel-it-2165-pro-pakistan-priceoye-qlc2l-270x270.webp,output\priceoye\images\124_Itel_It_2165_Pro.webp
priceoye,OPPO Reno 15,"Rs156,999","Rs179,999",13% OFF,4.8,26,https://priceoye.pk/mobiles/oppo/oppo-reno15,https://images.priceoye.pk/oppo-reno15-pakistan-priceoye-egi5x-270x270.webp,output\priceoye\images\125_OPPO_Reno_15.webp
priceoye,Oppo A6C,"Rs40,499","Rs42,999",6% OFF,5,11,https://priceoye.pk/mobiles/oppo/oppo-a6c,https://images.priceoye.pk/oppo-a6c-pakistan-priceoye-3nigc-270x270.webp,output\priceoye\images\126_Oppo_A6C.webp
priceoye,Honor T10,"Rs32,999",,,,,https://priceoye.pk/mobiles/honor/honor-t10,https://images.priceoye.pk/honor-t10-pakistan-priceoye-pi0rd-270x270.webp,output\priceoye\images\127_Honor_T10.webp
priceoye,Sego Note 60,"Rs22,999","Rs26,000",12% OFF,4.8,11,https://priceoye.pk/mobiles/sego/sego-note-60,https://images.priceoye.pk/sego-note-60-pakistan-priceoye-ife73-270x270.webp,output\priceoye\images\128_Sego_Note_60.webp
priceoye,Nothing CMF Phone 2 Pro,"Rs97,299","Rs107,999",10% OFF,5,22,https://priceoye.pk/mobiles/nothing/nothing-cmf-phone-2-pro,https://images.priceoye.pk/nothing-cmf-phone-2-pro-pakistan-priceoye-q4pfn-270x270.webp,output\priceoye\images\129_Nothing_CMF_Phone_2_Pro.webp
priceoye,Nothing Phone 4a,"Rs166,499","Rs181,999",9% OFF,5,2,https://priceoye.pk/mobiles/nothing/nothing-phone-4a,https://images.priceoye.pk/nothing-phone-4a-pakistan-priceoye-5pxzl-270x270.webp,output\priceoye\images\130_Nothing_Phone_4a.webp
priceoye,Vivo X300 FE,"Rs243,999","Rs269,999",10% OFF,5,1,https://priceoye.pk/mobiles/vivo/vivo-x300-fe,https://images.priceoye.pk/vivo-x300-fe-pakistan-priceoye-p4khc-270x270.webp,output\priceoye\images\131_Vivo_X300_FE.webp
priceoye,Nothing Phone 4a Pro,"Rs231,999","Rs249,999",7% OFF,5,1,https://priceoye.pk/mobiles/nothing/nothing-phone-4a-pro,https://images.priceoye.pk/nothing-phone-4a-pro-pakistan-priceoye-whsyq-270x270.webp,output\priceoye\images\132_Nothing_Phone_4a_Pro.webp
priceoye,Itel City 200,"Rs35,999","Rs39,999",10% OFF,4.9,21,https://priceoye.pk/mobiles/itel/itel-city-200,https://images.priceoye.pk/itel-city-200-pakistan-priceoye-jk75w-270x270.webp,output\priceoye\images\133_Itel_City_200.webp
priceoye,Realme 16 5G,"Rs114,499","Rs129,999",12% OFF,5,1,https://priceoye.pk/mobiles/realme/realme-16-5g,https://images.priceoye.pk/realme-16-5g-pakistan-priceoye-gxzcv-270x270.webp,output\priceoye\images\134_Realme_16_5G.webp
priceoye,Xiaomi Redmi A7 Pro,"Rs33,799","Rs38,999",13% OFF,4.7,13,https://priceoye.pk/mobiles/xiaomi/xiaomi-redmi-a7-pro,https://images.priceoye.pk/xiaomi-redmi-a7-pro-pakistan-priceoye-yjpbn-270x270.webp,output\priceoye\images\135_Xiaomi_Redmi_A7_Pro.webp
priceoye,Sparx Neo 11,"Rs25,499","Rs27,999",9% OFF,4.9,11,https://priceoye.pk/mobiles/sparx/sparx-neo-11,https://images.priceoye.pk/sparx-neo-11-pakistan-priceoye-rqbhf-270x270.webp,output\priceoye\images\136_Sparx_Neo_11.webp
priceoye,Samsung Galaxy S24 Ultra (12GB-1TB),"Rs355,999","Rs541,999",34% OFF,4.9,12,https://priceoye.pk/mobiles/samsung/samsung-galaxy-s24-ultra-12gb-1tb,https://images.priceoye.pk/samsung-galaxy-s24-ultra-12gb-1tb-pakistan-priceoye-em5wi-270x270.webp,output\priceoye\images\137_Samsung_Galaxy_S24_Ultra__12GB-1TB_.webp
priceoye,Nokia 108 (2024),"Rs4,449","Rs4,999",11% OFF,4.7,39,https://priceoye.pk/mobiles/nokia/nokia-108-2024,https://images.priceoye.pk/nokia-108-2024-pakistan-priceoye-k19ny-270x270.webp,output\priceoye\images\138_Nokia_108__2024_.webp
priceoye,Itel Neo R60+ 4G,"Rs4,599","Rs6,399",28% OFF,4.7,43,https://priceoye.pk/mobiles/itel/itel-neo-r60-plus,https://images.priceoye.pk/itel-neo-r60-plus-pakistan-priceoye-gqr8j-270x270.webp,output\priceoye\images\139_Itel_Neo_R60__4G.webp
priceoye,Tecno Spark Go 2,"Rs34,499","Rs36,999",7% OFF,4.9,73,https://priceoye.pk/mobiles/tecno/tecno-spark-go-2,https://images.priceoye.pk/tecno-spark-go-2-pakistan-priceoye-nbao7-270x270.webp,output\priceoye\images\140_Tecno_Spark_Go_2.webp
priceoye,Honor X5c Plus,"Rs34,699","Rs37,999",9% OFF,4.7,41,https://priceoye.pk/mobiles/honor/honor-x5c-plus,https://images.priceoye.pk/honor-x5c-plus-pakistan-priceoye-w367h-270x270.webp,output\priceoye\images\141_Honor_X5c_Plus.webp
priceoye,Memobile Bouncer Pro,"Rs2,249","Rs2,349",4% OFF,,,https://priceoye.pk/mobiles/me-mobile/memobile-bouncer-pro,https://images.priceoye.pk/memobile-bouncer-pro-pakistan-priceoye-0sss0-270x270.webp,output\priceoye\images\142_Memobile_Bouncer_Pro.webp
priceoye,Memobile Power 17,"Rs2,799",,,5,1,https://priceoye.pk/mobiles/me-mobile/memobile-power-17,https://images.priceoye.pk/memobile-power-17-pakistan-priceoye-pf1xv-270x270.webp,output\priceoye\images\143_Memobile_Power_17.webp
priceoye,MeMobile I16 Pro,"Rs2,849",,,,,https://priceoye.pk/mobiles/me-mobile/memobile-i16-pro,https://images.priceoye.pk/memobile-i16-pro-pakistan-priceoye-sln9b-270x270.webp,output\priceoye\images\144_MeMobile_I16_Pro.webp
priceoye,Memobile XL500,"Rs3,249",,,,,https://priceoye.pk/mobiles/me-mobile/memobile-xl500,https://images.priceoye.pk/memobile-xl500-pakistan-priceoye-o3715-270x270.webp,output\priceoye\images\145_Memobile_XL500.webp
priceoye,Memobile E550,"Rs4,249",,,,,https://priceoye.pk/mobiles/me-mobile/memobile-e550,https://images.priceoye.pk/memobile-e550-pakistan-priceoye-rv50y-270x270.webp,output\priceoye\images\146_Memobile_E550.webp
priceoye,Itel A100C Special Edition,"Rs25,499","Rs29,999",15% OFF,5,4,https://priceoye.pk/mobiles/itel/itel-a100c-special-edition,https://images.priceoye.pk/itel-a100c-special-edition-pakistan-priceoye-u2jhw-270x270.webp,output\priceoye\images\147_Itel_A100C_Special_Edition.webp
priceoye,GFive 16 Max,"Rs3,149",,,,,https://priceoye.pk/mobiles/gfive/gfive-16-max,https://images.priceoye.pk/gfive-16-max-pakistan-priceoye-8zngh-270x270.webp,output\priceoye\images\148_GFive_16_Max.webp
priceoye,Qmobile Boom300 Cam,"Rs2,699",,,,,https://priceoye.pk/mobiles/qmobile/qmobile-boom300-cam,https://images.priceoye.pk/qmobile-boom300-cam-pakistan-priceoye-kdrjp-270x270.webp,output\priceoye\images\149_Qmobile_Boom300_Cam.webp
priceoye,Qmobile Boom600 Cam,"Rs3,099",,,5,1,https://priceoye.pk/mobiles/qmobile/qmobile-boom600-cam,https://images.priceoye.pk/qmobile-boom600-cam-pakistan-priceoye-dgju7-270x270.webp,output\priceoye\images\150_Qmobile_Boom600_Cam.webp
priceoye,E-Tachi i17 Pro Max,"Rs13,999","Rs14,999",7% OFF,5,2,https://priceoye.pk/mobiles/e-tachi/e-tachi-i17-pro-max,https://images.priceoye.pk/e-tachi-i17-pro-max-pakistan-priceoye-lmixa-270x270.webp,output\priceoye\images\151_E-Tachi_i17_Pro_Max.webp
priceoye,Itel Muzik 300,"Rs3,399",,,,,https://priceoye.pk/mobiles/itel/itel-muzik-300,https://images.priceoye.pk/itel-muzik-300-pakistan-priceoye-bxqmo-270x270.webp,output\priceoye\images\152_Itel_Muzik_300.webp
priceoye,Bontel Honey,"Rs3,699",,,,,https://priceoye.pk/mobiles/bontel/bontel-honey,https://images.priceoye.pk/bontel-honey-pakistan-priceoye-7cc7u-270x270.webp,output\priceoye\images\153_Bontel_Honey.webp
priceoye,Xiaomi Redmi 10C,"Rs47,499","Rs49,999",5% OFF,4.9,456,https://priceoye.pk/mobiles/xiaomi/redmi-10c,https://images.priceoye.pk/redmi-10c-pakistan-priceoye-xytfz-270x270.webp,output\priceoye\images\154_Xiaomi_Redmi_10C.webp
priceoye,Xiaomi 14,"Rs321,999","Rs339,999",5% OFF,4.1,7,https://priceoye.pk/mobiles/xiaomi/xiaomi-14,https://images.priceoye.pk/xiaomi-14-pakistan-priceoye-0fxdp-270x270.webp,output\priceoye\images\155_Xiaomi_14.webp
priceoye,Calme 4g Premium,"Rs9,949","Rs10,500",5% OFF,4.8,29,https://priceoye.pk/mobiles/calme/calme-4g-premium,https://images.priceoye.pk/calme-4g-premium-pakistan-priceoye-k5gz1-270x270.webp,output\priceoye\images\156_Calme_4g_Premium.webp
priceoye,Oppo Reno 15 Pro,"Rs225,999","Rs249,999",10% OFF,5,2,https://priceoye.pk/mobiles/oppo/oppo-reno-15-pro,https://images.priceoye.pk/oppo-reno-15-pro-pakistan-priceoye-es82c-270x270.webp,output\priceoye\images\157_Oppo_Reno_15_Pro.webp
priceoye,Sego Note 70 Limited Edition,"Rs26,099","Rs32,999",21% OFF,4.9,8,https://priceoye.pk/mobiles/sego/sego-note-70-limited-edition,https://images.priceoye.pk/sego-note-70-limited-edition-pakistan-priceoye-mr5q1-270x270.webp,output\priceoye\images\158_Sego_Note_70_Limited_Edition.webp
priceoye,Vgo Tel Smart 9 Pro,"Rs26,299","Rs27,500",4% OFF,4.9,7,https://priceoye.pk/mobiles/vgo-tel/vgo-tel-smart-9-pro,https://images.priceoye.pk/vgo-tel-smart-9-pro-pakistan-priceoye-ozwsf-270x270.webp,output\priceoye\images\159_Vgo_Tel_Smart_9_Pro.webp
priceoye,itel Flip 1,"Rs4,199","Rs6,399",34% OFF,4.8,75,https://priceoye.pk/mobiles/itel/itel-flip-1,https://images.priceoye.pk/itel-flip-1-pakistan-priceoye-afslh-270x270.webp,output\priceoye\images\160_itel_Flip_1.webp
priceoye,Xiaomi Redmi A5,"Rs32,999",,,4.8,155,https://priceoye.pk/mobiles/xiaomi/xiaomi-redmi-a5,https://images.priceoye.pk/xiaomi-redmi-a5-pakistan-priceoye-4jqr9-270x270.webp,output\priceoye\images\161_Xiaomi_Redmi_A5.webp
priceoye,Sego Note 80x Limited Edition,"Rs24,749","Rs27,999",12% OFF,,,https://priceoye.pk/mobiles/sego/sego-note-80x-limited-edition,https://images.priceoye.pk/sego-note-80x-limited-edition-pakistan-priceoye-a8lxp-270x270.webp,output\priceoye\images\162_Sego_Note_80x_Limited_Edition.webp
priceoye,Sego Smart 20 HD,"Rs20,199","Rs21,999",8% OFF,,,https://priceoye.pk/mobiles/sego/sego-smart-20-hd,https://images.priceoye.pk/sego-smart-20-hd-pakistan-priceoye-uzrij-270x270.webp,output\priceoye\images\163_Sego_Smart_20_HD.webp
priceoye,Calme SL100,"Rs3,399","Rs3,999",15% OFF,,,https://priceoye.pk/mobiles/calme/calme-sl100,https://images.priceoye.pk/calme-sl100-pakistan-priceoye-089jv-270x270.webp,output\priceoye\images\164_Calme_SL100.webp
priceoye,Vgo Tel Onyx 2,"Rs14,149","Rs14,750",4% OFF,5,2,https://priceoye.pk/mobiles/vgo-tel/vgo-tel-onyx-2,https://images.priceoye.pk/vgo-tel-onyx-2-pakistan-priceoye-edgwc-270x270.webp,output\priceoye\images\165_Vgo_Tel_Onyx_2.webp
priceoye,Xiaomi Mix Flip,"Rs299,999","Rs399,999",25% OFF,5,1,https://priceoye.pk/mobiles/xiaomi/xiaomi-mix-flip,https://images.priceoye.pk/xiaomi-mix-flip-pakistan-priceoye-68nzc-270x270.webp,output\priceoye\images\166_Xiaomi_Mix_Flip.webp
