title,price,retail_price,product_url,image_url,rating,local_image
Infinix Smart 20,"Rs 38,499",,https://priceoye.pk/mobiles/infinix/infinix-smart-20,https://images.priceoye.pk/infinix-smart-20-pakistan-priceoye-0s4x3-100x100.webp,4.934Reviews,priceoye_output/images/01_Infinix_Smart_20.webp
Motorola Edge 70 Fusion,"Rs 134,999",,https://priceoye.pk/mobiles/motorola/motorola-edge-70-fusion,https://images.priceoye.pk/motorola-edge-70-fusion-pakistan-priceoye-eq8o1-100x100.webp,,priceoye_output/images/02_Motorola_Edge_70_Fusion.webp
Infinix Note 60 Edge 5G,"Rs 92,499",,https://priceoye.pk/mobiles/infinix/infinix-note-60-edge-5g,https://images.priceoye.pk/infinix-note-edge-pakistan-priceoye-x4pn1-100x100.webp,4.824Reviews,priceoye_output/images/03_Infinix_Note_60_Edge_5G.webp
Honor X8d,"Rs 74,499",,https://priceoye.pk/mobiles/honor/honor-x8d,https://images.priceoye.pk/honor-x8d-pakistan-priceoye-fhwli-100x100.webp,4.826Reviews,priceoye_output/images/04_Honor_X8d.webp
Nothing CMF Phone 1 5G,"Rs 76,599",,https://priceoye.pk/mobiles/nothing/nothing-cmf-phone-1-5g,https://images.priceoye.pk/nothing-cmf-phone-1-pakistan-priceoye-6mo6r-100x100.webp,4.936Reviews,priceoye_output/images/05_Nothing_CMF_Phone_1_5G.webp
Vivo Y05,"Rs 39,999",,https://priceoye.pk/mobiles/vivo/vivo-y05,https://images.priceoye.pk/vivo-y05-pakistan-priceoye-035r8-100x100.webp,4.825Reviews,priceoye_output/images/06_Vivo_Y05.webp
Sego EPICx,"Rs 33,499",,https://priceoye.pk/mobiles/sego/sego-epicx,https://images.priceoye.pk/sego-epicx-pakistan-priceoye-cp81e-100x100.webp,47Reviews,priceoye_output/images/07_Sego_EPICx.webp
Realme C100i,"Rs 35,999",,https://priceoye.pk/mobiles/realme/realme-c100i,https://images.priceoye.pk/realme-c100i-pakistan-priceoye-m0x3n-100x100.webp,4.814Reviews,priceoye_output/images/08_Realme_C100i.webp
Oppo A6,"Rs 67,999",,https://priceoye.pk/mobiles/oppo/oppo-a6,https://images.priceoye.pk/oppo-a6-pakistan-priceoye-2b09q-100x100.webp,523Reviews,priceoye_output/images/09_Oppo_A6.webp
Tecno Spark 50,"Rs 54,499",,https://priceoye.pk/mobiles/tecno/tecno-spark-50,https://images.priceoye.pk/tecno-spark-50-pakistan-priceoye-lykqb-100x100.webp,4.920Reviews,priceoye_output/images/10_Tecno_Spark_50.webp
Apple Iphone 17 Pro Max,"Rs 462,499",,https://priceoye.pk/mobiles/apple/apple-iphone-17-pro-max,https://images.priceoye.pk/apple-17-pro-max-pakistan-priceoye-5srcg-100x100.webp,4.918Reviews,priceoye_output/images/11_Apple_Iphone_17_Pro_Max.webp
Xiaomi Redmi 9C,"Rs 33,499",,https://priceoye.pk/mobiles/xiaomi/xiaomi-redmi-9c,https://images.priceoye.pk/xiaomi-redmi-9c-pakistan-priceoye-r0fbp-100x100.webp,4.8116Reviews,priceoye_output/images/12_Xiaomi_Redmi_9C.webp
VGO TEL i252,"Rs 3,649",,https://priceoye.pk/mobiles/vgo-tel/vgo-tel-i252,https://images.priceoye.pk/vgo-tel-i252-pakistan-priceoye-q22vl-100x100.webp,4.52Reviews,priceoye_output/images/13_VGO_TEL_i252.webp
Qmobile E1000 Party 2021,"Rs 3,829",,https://priceoye.pk/mobiles/qmobile/qmobile-e1000-party-2021,https://images.priceoye.pk/qmobile-e1000-party-2021-pakistan-priceoye-jlrj6-100x100.webp,,priceoye_output/images/14_Qmobile_E1000_Party_2021.webp
me Mobile Power Bold,"Rs 2,299",,https://priceoye.pk/mobiles/me-mobile/me-mobile-power-bold,https://images.priceoye.pk/me-mobile-power-bold-pakistan-priceoye-ifv3v-100x100.webp,51Reviews,priceoye_output/images/15_me_Mobile_Power_Bold.webp
GRESSO 4sim,"Rs 2,949",,https://priceoye.pk/mobiles/gresso/gresso-4sim,https://images.priceoye.pk/gresso-4sim-pakistan-priceoye-n0u5j-100x100.webp,4.73Reviews,priceoye_output/images/16_GRESSO_4sim.webp
XMobile X2 Selfie,"Rs 2,429",,https://priceoye.pk/mobiles/xmobile/xmobile-x2-selfie,https://images.priceoye.pk/xmobile-x2-pakistan-priceoye-ulet8-100x100.webp,53Reviews,priceoye_output/images/17_XMobile_X2_Selfie.webp
XMobile Dabang Plus,"Rs 3,099",,https://priceoye.pk/mobiles/xmobile/xmobile-dabang-plus,https://images.priceoye.pk/xmobile-dabang-plus-pakistan-priceoye-mmznu-100x100.webp,,priceoye_output/images/18_XMobile_Dabang_Plus.webp
XMobile X1000 Music,"Rs 3,999",,https://priceoye.pk/mobiles/xmobile/xmobile-x1000-music,https://images.priceoye.pk/xmobile-x1000-music-pakistan-priceoye-xz29a-100x100.webp,,priceoye_output/images/19_XMobile_X1000_Music.webp
XMobile X3,"Rs 2,649",,https://priceoye.pk/mobiles/xmobile/xmobile-x3,https://images.priceoye.pk/xmobile-x3-pakistan-priceoye-blhie-100x100.webp,52Reviews,priceoye_output/images/20_XMobile_X3.webp
E-Tachi iPro,"Rs 3,499",,https://priceoye.pk/mobiles/e-tachi/e-tachi-ipro,https://images.priceoye.pk/e-tachi-ipro-pakistan-priceoye-4xe2m-100x100.webp,514Reviews,priceoye_output/images/21_E-Tachi_iPro.webp
Nokia 110 2023,"Rs 5,099",,https://priceoye.pk/mobiles/nokia/nokia-110-2023,https://images.priceoye.pk/nokia-110-2023-pakistan-priceoye-credt-100x100.webp,4.615Reviews,priceoye_output/images/22_Nokia_110_2023.webp
Xmobile D4 Ultra,"Rs 3,200",,https://priceoye.pk/mobiles/xmobile/xmobile-d4-ultra,https://images.priceoye.pk/xmobile-d4-ultra-pakistan-priceoye-hyphw-100x100.webp,,priceoye_output/images/23_Xmobile_D4_Ultra.webp
Xmobile G3 Plus,"Rs 3,299",,https://priceoye.pk/mobiles/xmobile/xmobile-g3-plus,https://images.priceoye.pk/xmobile-g3-plus-pakistan-priceoye-561tj-100x100.webp,,priceoye_output/images/24_Xmobile_G3_Plus.webp
Xmobile Platinum 1000,"Rs 3,329",,https://priceoye.pk/mobiles/xmobile/xmobile-platinum-1000,https://images.priceoye.pk/xmobile-platinum-1000-pakistan-priceoye-vcqt9-100x100.webp,54Reviews,priceoye_output/images/25_Xmobile_Platinum_1000.webp
Qmobile QGuru Plus,"Rs 2,299",,https://priceoye.pk/mobiles/qmobile/qmobile-qguru-plus,https://images.priceoye.pk/qmobile-guru-plus-pakistan-priceoye-awfm7-100x100.webp,4.826Reviews,priceoye_output/images/26_Qmobile_QGuru_Plus.webp
Qmobile Q150,"Rs 2,779",,https://priceoye.pk/mobiles/qmobile/qmobile-q150,https://images.priceoye.pk/qmobile-q150-pakistan-priceoye-odffh-100x100.webp,4.85Reviews,priceoye_output/images/27_Qmobile_Q150.webp
Qmobile Q150s,"Rs 2,649",,https://priceoye.pk/mobiles/qmobile/qmobile-q150s,https://images.priceoye.pk/qmobile-q150s-pakistan-priceoye-vfljr-100x100.webp,4.711Reviews,priceoye_output/images/28_Qmobile_Q150s.webp
Itel it2166,"Rs 2,699",,https://priceoye.pk/mobiles/itel/itel-it2166,https://images.priceoye.pk/itel-it2166-pakistan-priceoye-j7ttn-100x100.webp,4.943Reviews,priceoye_output/images/29_Itel_it2166.webp
Itel Magic 4,"Rs 3,499",,https://priceoye.pk/mobiles/itel/itel-magic-4-it6360,https://images.priceoye.pk/itel-magic-4-it6360-pakistan-priceoye-26xrc-100x100.webp,4.729Reviews,priceoye_output/images/30_Itel_Magic_4.webp
XMobile X4 Music,"Rs 3,099",,https://priceoye.pk/mobiles/xmobile/xmobile-x4-music,https://images.priceoye.pk/xmobile-x4-music-pakistan-priceoye-diuq8-100x100.webp,51Reviews,priceoye_output/images/31_XMobile_X4_Music.webp
QMobile QHero,"Rs 3,249",,https://priceoye.pk/mobiles/qmobile/qmobile-qhero,https://images.priceoye.pk/qmobile-qhero-pakistan-priceoye-0vt62-100x100.webp,53Reviews,priceoye_output/images/32_QMobile_QHero.webp
VGO TEL i15,"Rs 4,299",,https://priceoye.pk/mobiles/vgo-tel/vgo-tel-i15,https://images.priceoye.pk/vgo-tel-i15-pakistan-priceoye-fnaw4-100x100.webp,51Reviews,priceoye_output/images/33_VGO_TEL_i15.webp
Gresso A10,"Rs 3,300",,https://priceoye.pk/mobiles/gresso/gresso-a10,https://images.priceoye.pk/gresso-a10-pakistan-priceoye-ci7vw-100x100.webp,,priceoye_output/images/34_Gresso_A10.webp
Gresso SILK SLIM,"Rs 2,799",,https://priceoye.pk/mobiles/gresso/gresso-silk-slim,https://images.priceoye.pk/gresso-silk-slim-pakistan-priceoye-47b19-100x100.webp,,priceoye_output/images/35_Gresso_SILK_SLIM.webp
VGO TEL Beauty Max,"Rs 3,649",,https://priceoye.pk/mobiles/vgo-tel/vgo-tel-beauty-max,https://images.priceoye.pk/vgo-tel-beauty-max-pakistan-priceoye-3pypt-100x100.webp,4.52Reviews,priceoye_output/images/36_VGO_TEL_Beauty_Max.webp
Calme C222,"Rs 3,099",,https://priceoye.pk/mobiles/calme/calme-c-222,https://images.priceoye.pk/calme-c-222-pakistan-priceoye-af1n3-100x100.webp,41Reviews,priceoye_output/images/37_Calme_C222.webp
Club Mobile 15 pro Metal,"Rs 3,350",,https://priceoye.pk/mobiles/club-mobile/club-mobile-15-pro-metal,https://images.priceoye.pk/club-mobile-15-pro-metal-pakistan-priceoye-kx0tr-100x100.webp,51Reviews,priceoye_output/images/38_Club_Mobile_15_pro_Metal.webp
E-Tachi Magic E4,"Rs 3,849",,https://priceoye.pk/mobiles/e-tachi/e-tachi-magic-e4,https://images.priceoye.pk/e-tachi-magic-e4-pakistan-priceoye-49eyi-100x100.webp,,priceoye_output/images/39_E-Tachi_Magic_E4.webp
Memobile I touch,"Rs 3,149",,https://priceoye.pk/mobiles/me-mobile/memobile-i-touch,https://images.priceoye.pk/memobile-i-touch-pakistan-priceoye-6xkem-100x100.webp,41Reviews,priceoye_output/images/40_Memobile_I_touch.webp
Calme 4G Music,"Rs 6,799",,https://priceoye.pk/mobiles/calme/calme-4g-music,https://images.priceoye.pk/calme-4g-music-pakistan-priceoye-38hlq-100x100.webp,4.66Reviews,priceoye_output/images/41_Calme_4G_Music.webp
Villaon V220,"Rs 2,899",,https://priceoye.pk/mobiles/villaon/villaon-v220,https://images.priceoye.pk/villaon-v220-pakistan-priceoye-txigj-100x100.webp,,priceoye_output/images/42_Villaon_V220.webp
Villaon V230,"Rs 3,099",,https://priceoye.pk/mobiles/villaon/villaon-v230,https://images.priceoye.pk/villaon-v230-pakistan-priceoye-vhahz-100x100.webp,,priceoye_output/images/43_Villaon_V230.webp
Hello Tech E500,"Rs 2,599",,https://priceoye.pk/mobiles/hello-tech/hello-tech-e500,https://images.priceoye.pk/hello-tech-e500-pakistan-priceoye-9u1sl-100x100.webp,,priceoye_output/images/44_Hello_Tech_E500.webp
Hello Tech V2,"Rs 2,399",,https://priceoye.pk/mobiles/hello-tech/hello-tech-v2,https://images.priceoye.pk/hello-tech-v2-pakistan-priceoye-cwq46-100x100.webp,,priceoye_output/images/45_Hello_Tech_V2.webp
Hello Tech G8,"Rs 3,050",,https://priceoye.pk/mobiles/hello-tech/hello-tech-g8,https://images.priceoye.pk/hello-tech-g8-pakistan-priceoye-htyz0-100x100.webp,,priceoye_output/images/46_Hello_Tech_G8.webp
Qmobile Q Galaxy,"Rs 5,449",,https://priceoye.pk/mobiles/qmobile/qmobile-q-galaxy,https://images.priceoye.pk/qmobile-q-galaxy-pakistan-priceoye-dwrq1-100x100.webp,,priceoye_output/images/47_Qmobile_Q_Galaxy.webp
Villaon V105,"Rs 2,199",,https://priceoye.pk/mobiles/villaon/villaon-v105,https://images.priceoye.pk/villaon-v105-pakistan-priceoye-22h65-100x100.webp,41Reviews,priceoye_output/images/48_Villaon_V105.webp
Sego Magic 6,"Rs 2,999",,https://priceoye.pk/mobiles/sego/sego-magic-6,https://images.priceoye.pk/sego-magic-6-pakistan-priceoye-2glim-100x100.webp,51Reviews,priceoye_output/images/49_Sego_Magic_6.webp
Memobile I Smart Ultra,"Rs 3,249",,https://priceoye.pk/mobiles/me-mobile/memobile-i-smart-ultra,https://images.priceoye.pk/memobile-i-smart-ultra-pakistan-priceoye-jviz2-100x100.webp,4.52Reviews,priceoye_output/images/50_Memobile_I_Smart_Ultra.webp
Spice ipro Ultra,"Rs 3,499",,https://priceoye.pk/mobiles/spice/spice-ipro-ultra,https://images.priceoye.pk/spice-ipro-ultra-pakistan-priceoye-rmlwi-100x100.webp,,priceoye_output/images/51_Spice_ipro_Ultra.webp
GRESSO 007i,"Rs 2,349",,https://priceoye.pk/mobiles/gresso/gresso-007i,https://images.priceoye.pk/gresso-007i-pakistan-priceoye-7pznp-100x100.webp,31Reviews,priceoye_output/images/52_GRESSO_007i.webp
Itel Muzik 400 pro,"Rs 3,950",,https://priceoye.pk/mobiles/itel/itel-muzik-400-pro,https://images.priceoye.pk/itel-muzik-400-pro-pakistan-priceoye-u8ywn-100x100.webp,3.73Reviews,priceoye_output/images/53_Itel_Muzik_400_pro.webp
Gresso Turbo 2,"Rs 2,399",,https://priceoye.pk/mobiles/gresso/gresso-turbo-2,https://images.priceoye.pk/gresso-turbo-2-pakistan-priceoye-d0hig-100x100.webp,52Reviews,priceoye_output/images/54_Gresso_Turbo_2.webp
Club Mobile Winner,"Rs 3,299",,https://priceoye.pk/mobiles/club-mobile/club-mobile-winner,https://images.priceoye.pk/club-mobile-winner-pakistan-priceoye-tzbua-100x100.webp,,priceoye_output/images/55_Club_Mobile_Winner.webp
Hmd 150 Music,"Rs 6,249",,https://priceoye.pk/mobiles/hmd/hmd-150-music,https://images.priceoye.pk/hmd-150-music-pakistan-priceoye-tia03-100x100.webp,4.917Reviews,priceoye_output/images/56_Hmd_150_Music.webp
Sego music 500,"Rs 3,149",,https://priceoye.pk/mobiles/sego/sego-music-500,https://images.priceoye.pk/sego-music-500-pakistan-priceoye-41qmo-100x100.webp,51Reviews,priceoye_output/images/57_Sego_music_500.webp
Sego Power 200s,"Rs 2,349",,https://priceoye.pk/mobiles/sego/sego-power-200s,https://images.priceoye.pk/sego-power-200s-pakistan-priceoye-xh010-100x100.webp,51Reviews,priceoye_output/images/58_Sego_Power_200s.webp
Sego Power 200,"Rs 2,499",,https://priceoye.pk/mobiles/sego/sego-power-200,https://images.priceoye.pk/sego-power-200-pakistan-priceoye-dtlvo-100x100.webp,,priceoye_output/images/59_Sego_Power_200.webp
Zentality B3310,"Rs 2,199",,https://priceoye.pk/mobiles/zentality/zentality-b3310,https://images.priceoye.pk/zentality-b3310-pakistan-priceoye-1m8nw-100x100.webp,,priceoye_output/images/60_Zentality_B3310.webp
QMobile QMagic,"Rs 5,599",,https://priceoye.pk/mobiles/qmobile/qmobile-qmagic,https://images.priceoye.pk/qmobile-qmagic-pakistan-priceoye-qaqn4-100x100.webp,,priceoye_output/images/61_QMobile_QMagic.webp
Itel it2181,"Rs 2,799",,https://priceoye.pk/mobiles/itel/itel-it-2181,https://images.priceoye.pk/itel-it-2181-pakistan-priceoye-dphfm-100x100.webp,51Reviews,priceoye_output/images/62_Itel_it2181.webp
QMobile Boom 100,"Rs 2,550",,https://priceoye.pk/mobiles/qmobile/qmobile-boom-100,https://images.priceoye.pk/qmobile-boom-100-pakistan-priceoye-ayy0f-100x100.webp,4.52Reviews,priceoye_output/images/63_QMobile_Boom_100.webp
QMobile Boom 400,"Rs 2,950",,https://priceoye.pk/mobiles/qmobile/qmobile-boom-400,https://images.priceoye.pk/qmobile-boom-400-pakistan-priceoye-fkhf9-100x100.webp,52Reviews,priceoye_output/images/64_QMobile_Boom_400.webp
QMobile q2165,"Rs 2,180",,https://priceoye.pk/mobiles/qmobile/qmobile-2165,https://images.priceoye.pk/qmobile-2165-pakistan-priceoye-ln0y3-100x100.webp,53Reviews,priceoye_output/images/65_QMobile_q2165.webp
Faywa Sound Master,"Rs 2,899",,https://priceoye.pk/mobiles/faywa/faywa-sound-master,https://images.priceoye.pk/faywa-sound-master-pakistan-priceoye-uf7dc-100x100.webp,,priceoye_output/images/66_Faywa_Sound_Master.webp
QMobile Q5606,"Rs 2,499",,https://priceoye.pk/mobiles/qmobile/qmobile-q5606,https://images.priceoye.pk/qmobile-q5606-pakistan-priceoye-ftxqw-100x100.webp,51Reviews,priceoye_output/images/67_QMobile_Q5606.webp
Villaon V120,"Rs 2,600",,https://priceoye.pk/mobiles/villaon/villaon-v120,https://images.priceoye.pk/villaon-v120-pakistan-priceoye-t7fda-100x100.webp,51Reviews,priceoye_output/images/68_Villaon_V120.webp
Gfive Magic Smart,"Rs 3,050",,https://priceoye.pk/mobiles/gfive/gfive-magic-smart,https://images.priceoye.pk/gfive-magic-smart-pakistan-priceoye-b7smd-100x100.webp,,priceoye_output/images/69_Gfive_Magic_Smart.webp
Gfive G95,"Rs 3,349",,https://priceoye.pk/mobiles/gfive/gfive-g95,https://images.priceoye.pk/gfive-g95-pakistan-priceoye-y1itf-100x100.webp,52Reviews,priceoye_output/images/70_Gfive_G95.webp
GFive Magic,"Rs 3,399",,https://priceoye.pk/mobiles/gfive/gfive-magic,https://images.priceoye.pk/gfive-magic-pakistan-priceoye-4ojqg-100x100.webp,55Reviews,priceoye_output/images/71_GFive_Magic.webp
GFive P70 Max,"Rs 2,999",,https://priceoye.pk/mobiles/gfive/gfive-p70-max,https://images.priceoye.pk/gfive-p70-max-pakistan-priceoye-hyver-100x100.webp,53Reviews,priceoye_output/images/72_GFive_P70_Max.webp
Calme C150i,"Rs 3,150",,https://priceoye.pk/mobiles/calme/calme-c150i,https://images.priceoye.pk/calme-c150i-pakistan-priceoye-f6ltr-100x100.webp,41Reviews,priceoye_output/images/73_Calme_C150i.webp
Club Mobile Grace,"Rs 3,149",,https://priceoye.pk/mobiles/club-mobile/club-mobile-grace,https://images.priceoye.pk/club-mobile-grace-pakistan-priceoye-841vm-100x100.webp,,priceoye_output/images/74_Club_Mobile_Grace.webp
Memobile Power 300,"Rs 2,299",,https://priceoye.pk/mobiles/me-mobile/memobile-power-300,https://images.priceoye.pk/memobile-power-300-pakistan-priceoye-45haj-100x100.webp,52Reviews,priceoye_output/images/75_Memobile_Power_300.webp
Memobile Power Master,"Rs 2,499",,https://priceoye.pk/mobiles/me-mobile/memobile-power-master,https://images.priceoye.pk/memobile-power-master-pakistan-priceoye-vs3yx-100x100.webp,,priceoye_output/images/76_Memobile_Power_Master.webp
Digit C1,"Rs 2,349",,https://priceoye.pk/mobiles/digit/digit-c1,https://images.priceoye.pk/digit-c1-pakistan-priceoye-k2a02-100x100.webp,,priceoye_output/images/77_Digit_C1.webp
Me Mobile Yorker bold,"Rs 2,499",,https://priceoye.pk/mobiles/me-mobile/me-mobile-yorker-bold,https://images.priceoye.pk/me-mobile-yorker-bold-pakistan-priceoye-7dlm4-100x100.webp,,priceoye_output/images/78_Me_Mobile_Yorker_bold.webp
Me Mobile E800 pro,"Rs 2,749",,https://priceoye.pk/mobiles/me-mobile/me-mobile-e800-pro,https://images.priceoye.pk/me-mobile-e800-pro-pakistan-priceoye-c6cv3-100x100.webp,,priceoye_output/images/79_Me_Mobile_E800_pro.webp
Spice S7 Power,"Rs 2,425",,https://priceoye.pk/mobiles/spice/spice-s7-power,https://images.priceoye.pk/spice-s7-power-pakistan-priceoye-25t8o-100x100.webp,,priceoye_output/images/80_Spice_S7_Power.webp
Spice S9 Power,"Rs 2,349",,https://priceoye.pk/mobiles/spice/spice-s9-power,https://images.priceoye.pk/spice-s9-power-pakistan-priceoye-y5wmx-100x100.webp,,priceoye_output/images/81_Spice_S9_Power.webp
Spice S10 power,"Rs 2,500",,https://priceoye.pk/mobiles/spice/spice-s10-power,https://images.priceoye.pk/spice-s10-power-pakistan-priceoye-zp1i8-100x100.webp,,priceoye_output/images/82_Spice_S10_power.webp
Faywa Bass Pro,"Rs 3,049",,https://priceoye.pk/mobiles/faywa/faywa-bass-pro,https://images.priceoye.pk/faywa-bass-pro-pakistan-priceoye-jur1f-100x100.webp,51Reviews,priceoye_output/images/83_Faywa_Bass_Pro.webp
QMobile Q2165 Music,"Rs 2,450",,https://priceoye.pk/mobiles/qmobile/qmobile-q2165-music,https://images.priceoye.pk/qmobile-q2165-music-pakistan-priceoye-38nwu-100x100.webp,52Reviews,priceoye_output/images/84_QMobile_Q2165_Music.webp
Sego Spro,"Rs 8,799",,https://priceoye.pk/mobiles/sego/sego-spro,https://images.priceoye.pk/sego-spro-pakistan-priceoye-kbab8-100x100.webp,52Reviews,priceoye_output/images/85_Sego_Spro.webp
Digit Prime,"Rs 2,399",,https://priceoye.pk/mobiles/digit/digit-prime,https://images.priceoye.pk/digit-prime-pakistan-priceoye-505rf-100x100.webp,51Reviews,priceoye_output/images/86_Digit_Prime.webp
QMobile QPrime,"Rs 3,359",,https://priceoye.pk/mobiles/qmobile/qmobile-qprime,https://images.priceoye.pk/qmobile-qprime-pakistan-priceoye-nzij0-100x100.webp,,priceoye_output/images/87_QMobile_QPrime.webp
QMobile QCrystal,"Rs 3,449",,https://priceoye.pk/mobiles/qmobile/qmobile-qcrystal,https://images.priceoye.pk/qmobile-qcrystal-pakistan-priceoye-kz3tm-100x100.webp,,priceoye_output/images/88_QMobile_QCrystal.webp
LvTel Simba,"Rs 2,149",,https://priceoye.pk/mobiles/lvtel/lvtel-simba,https://images.priceoye.pk/lvtel-simba-pakistan-priceoye-ktzvl-100x100.webp,,priceoye_output/images/89_LvTel_Simba.webp
LvTel Mufasa,"Rs 2,149",,https://priceoye.pk/mobiles/lvtel/lvtel-mufasa,https://images.priceoye.pk/lvtel-mufasa-pakistan-priceoye-x7q0z-100x100.webp,51Reviews,priceoye_output/images/90_LvTel_Mufasa.webp
Faywa Prime 4,"Rs 2,399",,https://priceoye.pk/mobiles/faywa/faywa-prime-4,https://images.priceoye.pk/faywa-prime-4-pakistan-priceoye-4ofhb-100x100.webp,51Reviews,priceoye_output/images/91_Faywa_Prime_4.webp
QMobile QGuru Pro,"Rs 2,299",,https://priceoye.pk/mobiles/qmobile/qmobile-qguru-pro,https://images.priceoye.pk/qmobile-qguru-pro-pakistan-priceoye-a1h3v-100x100.webp,,priceoye_output/images/92_QMobile_QGuru_Pro.webp
Digit Neo,"Rs 2,349",,https://priceoye.pk/mobiles/digit/digit-neo,https://images.priceoye.pk/digit-neo-pakistan-priceoye-ujggl-100x100.webp,,priceoye_output/images/93_Digit_Neo.webp
XMobile X1818,"Rs 2,249",,https://priceoye.pk/mobiles/xmobile/xmobile-x1818,https://images.priceoye.pk/xmobile-x1818-pakistan-priceoye-94imu-100x100.webp,,priceoye_output/images/94_XMobile_X1818.webp
XMobile SL101,"Rs 3,289",,https://priceoye.pk/mobiles/xmobile/xmobile-sl101,https://images.priceoye.pk/xmobile-sl101-pakistan-priceoye-zhvmw-100x100.webp,,priceoye_output/images/95_XMobile_SL101.webp
XMobile Chief 100,"Rs 2,429",,https://priceoye.pk/mobiles/xmobile/xmobile-chief-100,https://images.priceoye.pk/xmobile-chief-100-pakistan-priceoye-mtt4l-100x100.webp,,priceoye_output/images/96_XMobile_Chief_100.webp
XMobille Retro 100,"Rs 2,609",,https://priceoye.pk/mobiles/xmobile/xmobille-retro-100,https://images.priceoye.pk/xmobille-retro-100-pakistan-priceoye-s0td8-100x100.webp,,priceoye_output/images/97_XMobille_Retro_100.webp
XMobile Retro 100 lite,"Rs 2,519",,https://priceoye.pk/mobiles/xmobile/xmobile-retro-100-lite,https://images.priceoye.pk/xmobile-retro-100-lite-pakistan-priceoye-y0b68-100x100.webp,,priceoye_output/images/98_XMobile_Retro_100_lite.webp
XMobile X20,"Rs 3,019",,https://priceoye.pk/mobiles/xmobile/xmobile-x20,https://images.priceoye.pk/xmobile-x20-pakistan-priceoye-tps8a-100x100.webp,,priceoye_output/images/99_XMobile_X20.webp
XMobile Prime 100,"Rs 3,239",,https://priceoye.pk/mobiles/xmobile/xmobile-prime-100,https://images.priceoye.pk/xmobile-prime-100-pakistan-priceoye-xaxbh-100x100.webp,,priceoye_output/images/100_XMobile_Prime_100.webp
XMobile Power Max 1000,"Rs 3,829",,https://priceoye.pk/mobiles/xmobile/xmobile-power-max-1000,https://images.priceoye.pk/xmobile-power-max-1000-pakistan-priceoye-3923s-100x100.webp,,priceoye_output/images/101_XMobile_Power_Max_1000.webp
XMobile X30,"Rs 3,019",,https://priceoye.pk/mobiles/xmobile/xmobile-x30,https://images.priceoye.pk/xmobile-x30-pakistan-priceoye-i8s3h-100x100.webp,51Reviews,priceoye_output/images/102_XMobile_X30.webp
Sego Orbit O1,"Rs 23,749",,https://priceoye.pk/mobiles/sego/sego-orbit-o1,https://images.priceoye.pk/sego-orbit-o1-pakistan-priceoye-dhnhj-100x100.webp,,priceoye_output/images/103_Sego_Orbit_O1.webp
Memobile Bouncer Pro,"Rs 2,249",,https://priceoye.pk/mobiles/me-mobile/memobile-bouncer-pro,https://images.priceoye.pk/memobile-bouncer-pro-pakistan-priceoye-0sss0-100x100.webp,,priceoye_output/images/104_Memobile_Bouncer_Pro.webp
Memobile Power 17,"Rs 2,799",,https://priceoye.pk/mobiles/me-mobile/memobile-power-17,https://images.priceoye.pk/memobile-power-17-pakistan-priceoye-pf1xv-100x100.webp,51Reviews,priceoye_output/images/105_Memobile_Power_17.webp
Memobile XL500,"Rs 3,249",,https://priceoye.pk/mobiles/me-mobile/memobile-xl500,https://images.priceoye.pk/memobile-xl500-pakistan-priceoye-o3715-100x100.webp,,priceoye_output/images/106_Memobile_XL500.webp
Memobile E550,"Rs 4,249",,https://priceoye.pk/mobiles/me-mobile/memobile-e550,https://images.priceoye.pk/memobile-e550-pakistan-priceoye-rv50y-100x100.webp,,priceoye_output/images/107_Memobile_E550.webp
GFive 16 Max,"Rs 3,149",,https://priceoye.pk/mobiles/gfive/gfive-16-max,https://images.priceoye.pk/gfive-16-max-pakistan-priceoye-8zngh-100x100.webp,,priceoye_output/images/108_GFive_16_Max.webp
Qmobile Boom300 Cam,"Rs 2,699",,https://priceoye.pk/mobiles/qmobile/qmobile-boom300-cam,https://images.priceoye.pk/qmobile-boom300-cam-pakistan-priceoye-kdrjp-100x100.webp,,priceoye_output/images/109_Qmobile_Boom300_Cam.webp
Qmobile Boom600 Cam,"Rs 3,099",,https://priceoye.pk/mobiles/qmobile/qmobile-boom600-cam,https://images.priceoye.pk/qmobile-boom600-cam-pakistan-priceoye-dgju7-100x100.webp,51Reviews,priceoye_output/images/110_Qmobile_Boom600_Cam.webp
Digit power king,"Rs 2,499",,https://priceoye.pk/mobiles/digit/digit-power-king,https://images.priceoye.pk/digit-power-king-pakistan-priceoye-ktg69-100x100.webp,,priceoye_output/images/111_Digit_power_king.webp
Bontel Honey,"Rs 3,699",,https://priceoye.pk/mobiles/bontel/bontel-honey,https://images.priceoye.pk/bontel-honey-pakistan-priceoye-7cc7u-100x100.webp,,priceoye_output/images/112_Bontel_Honey.webp
Calme SL100,"Rs 3,399",,https://priceoye.pk/mobiles/calme/calme-sl100,https://images.priceoye.pk/calme-sl100-pakistan-priceoye-089jv-100x100.webp,,priceoye_output/images/113_Calme_SL100.webp
Digit Nova,"Rs 2,249",,https://priceoye.pk/mobiles/digit/digit-nova,https://images.priceoye.pk/digit-nova-pakistan-priceoye-6oi4g-100x100.webp,,priceoye_output/images/114_Digit_Nova.webp
Digit 8,"Rs 18,449",,https://priceoye.pk/mobiles/digit/digit-8,https://images.priceoye.pk/digit-8-pakistan-priceoye-86dg4-100x100.webp,,priceoye_output/images/115_Digit_8.webp
Nokia 5710,"Rs 13,999",,https://priceoye.pk/mobiles/nokia/nokia-5710,https://images.priceoye.pk/nokia-5710-pakistan-priceoye-vueay-100x100.webp,57Reviews,priceoye_output/images/116_Nokia_5710.webp
Gfive 15 Pro,"Rs 3,200",,https://priceoye.pk/mobiles/gfive/gfive-15-pro,https://images.priceoye.pk/gfive-15-pro-pakistan-priceoye-jm8ro-100x100.webp,4.82Reviews,priceoye_output/images/117_Gfive_15_Pro.webp
Gfive 16 Pro 2G,"Rs 3,349",,https://priceoye.pk/mobiles/gfive/gfive-16-pro-2g,https://images.priceoye.pk/gfive-16-pro-2g-pakistan-priceoye-nqfks-100x100.webp,55Reviews,priceoye_output/images/118_Gfive_16_Pro_2G.webp
Xiaomi 14,"Rs 321,999",,https://priceoye.pk/mobiles/xiaomi/xiaomi-14,https://images.priceoye.pk/xiaomi-14-pakistan-priceoye-0fxdp-100x100.webp,4.17Reviews,priceoye_output/images/119_Xiaomi_14.webp
Sego Neo 20 Pro,"Rs 21,999",,https://priceoye.pk/mobiles/sego/sego-neo-20-pro,https://images.priceoye.pk/sego-neo-20-pro-pakistan-priceoye-9ywb6-100x100.webp,4.54Reviews,priceoye_output/images/120_Sego_Neo_20_Pro.webp
Club Mobile Super Hit,"Rs 2,849",,https://priceoye.pk/mobiles/club-mobile/club-mobile-super-hit,https://images.priceoye.pk/club-mobile-super-hit-pakistan-priceoye-zvhdv-100x100.webp,54Reviews,priceoye_output/images/121_Club_Mobile_Super_Hit.webp
Itel Muzik 300,"Rs 3,399",,https://priceoye.pk/mobiles/itel/itel-muzik-300,https://images.priceoye.pk/itel-muzik-300-pakistan-priceoye-bxqmo-100x100.webp,,priceoye_output/images/122_Itel_Muzik_300.webp
CALME 4G Power,"Rs 8,849",,https://priceoye.pk/mobiles/calme/calme-4g-power,https://images.priceoye.pk/calme-4g-power-pakistan-priceoye-ks0zu-100x100.webp,53Reviews,priceoye_output/images/123_CALME_4G_Power.webp
Faywa Pro 1 4g,"Rs 7,299",,https://priceoye.pk/mobiles/faywa/faywa-pro-1-4g,https://images.priceoye.pk/faywa-pro-1-4g-pakistan-priceoye-7snlf-100x100.webp,4.73Reviews,priceoye_output/images/124_Faywa_Pro_1_4g.webp
HMD Aura 2,"Rs 28,499",,https://priceoye.pk/mobiles/hmd/hmd-aura-2,https://images.priceoye.pk/hmd-aura-2-pakistan-priceoye-z37j5-100x100.webp,4.812Reviews,priceoye_output/images/125_HMD_Aura_2.webp
me Mobile L109,"Rs 2,249",,https://priceoye.pk/mobiles/me-mobile/me-mobile-l109,https://images.priceoye.pk/me-mobile-l-109-pakistan-priceoye-qv1r4-100x100.webp,,priceoye_output/images/126_me_Mobile_L109.webp
Calme 4g Premium,"Rs 9,949",,https://priceoye.pk/mobiles/calme/calme-4g-premium,https://images.priceoye.pk/calme-4g-premium-pakistan-priceoye-k5gz1-100x100.webp,4.829Reviews,priceoye_output/images/127_Calme_4g_Premium.webp
Calme 4g Platinum,"Rs 6,999",,https://priceoye.pk/mobiles/calme/calme-4g-platinum,https://images.priceoye.pk/calme-4g-platinum-pakistan-priceoye-ba6na-100x100.webp,4.98Reviews,priceoye_output/images/128_Calme_4g_Platinum.webp
Calme 4G Super,"Rs 7,499",,https://priceoye.pk/mobiles/calme/calme-4g-super,https://images.priceoye.pk/calme-4g-super-pakistan-priceoye-8rbcl-100x100.webp,4.67Reviews,priceoye_output/images/129_Calme_4G_Super.webp
itel it2165 eco,"Rs 2,149",,https://priceoye.pk/mobiles/itel/itel-it2165-eco,https://images.priceoye.pk/itel-it2165-eco-pakistan-priceoye-ydg57-100x100.webp,4.832Reviews,priceoye_output/images/130_itel_it2165_eco.webp
Digit C2,"Rs 2,499",,https://priceoye.pk/mobiles/digit/digit-c2,https://images.priceoye.pk/digit-c2-pakistan-priceoye-vs94q-100x100.webp,,priceoye_output/images/131_Digit_C2.webp
QMobile Q2165 Eco,"Rs 2,249",,https://priceoye.pk/mobiles/qmobile/qmobile-q2165-eco,https://images.priceoye.pk/qmobile-q2165-eco-pakistan-priceoye-wtgkj-100x100.webp,41Reviews,priceoye_output/images/132_QMobile_Q2165_Eco.webp
Itel It 2210,"Rs 2,750",,https://priceoye.pk/mobiles/itel/itel-it-2210,https://images.priceoye.pk/itel-it-2210-pakistan-priceoye-8bt54-100x100.webp,51Reviews,priceoye_output/images/133_Itel_It_2210.webp
VGO TEL Smart HI-FI,"Rs 4,699",,https://priceoye.pk/mobiles/vgo-tel/vgo-tel-smart-hi-fi,https://images.priceoye.pk/vgo-tel-smart-hi-fi-pakistan-priceoye-dyu4r-100x100.webp,4.86Reviews,priceoye_output/images/134_VGO_TEL_Smart_HI-FI.webp
Tecno Phantom V Flip 2 5G,"Rs 174,999",,https://priceoye.pk/mobiles/tecno/tecno-phantom-v-flip-2-5g,https://images.priceoye.pk/tecno-phantom-v2-flip-pakistan-priceoye-hnt4q-100x100.webp,,priceoye_output/images/135_Tecno_Phantom_V_Flip_2_5G.webp
Faywa Play Tv,"Rs 4,199",,https://priceoye.pk/mobiles/faywa/faywa-play-tv,https://images.priceoye.pk/faywa-play-tv-pakistan-priceoye-pluh7-100x100.webp,4.65Reviews,priceoye_output/images/136_Faywa_Play_Tv.webp
MeMobile IPower Gold,"Rs 2,249",,https://priceoye.pk/mobiles/me-mobile/memobile-ipower-gold,https://images.priceoye.pk/memobile-ipower-gold-pakistan-priceoye-2pyzf-100x100.webp,4.52Reviews,priceoye_output/images/137_MeMobile_IPower_Gold.webp
Me Mobile Cammando,"Rs 3,199",,https://priceoye.pk/mobiles/me-mobile/me-mobile-cammando,https://images.priceoye.pk/me-mobile-cammando-pakistan-priceoye-e386z-100x100.webp,52Reviews,priceoye_output/images/138_Me_Mobile_Cammando.webp
Samsung Galaxy Z Fold 4,"Rs 289,999",,https://priceoye.pk/mobiles/samsung/samsung-galaxy-z-fold-4,https://images.priceoye.pk/samsung-galaxy-z-fold-4-pakistan-priceoye-lt5w4-100x100.webp,4.927Reviews,priceoye_output/images/139_Samsung_Galaxy_Z_Fold_4.webp
Nokia 5310 (2020),"Rs 10,499",,https://priceoye.pk/mobiles/nokia/nokia-5310-2020,https://images.priceoye.pk/nokia-5310-2020-pakistan-priceoye-pipc4-100x100.webp,4.936Reviews,priceoye_output/images/140_Nokia_5310__2020_.webp
Memobile I Smart Pro,"Rs 3,349",,https://priceoye.pk/mobiles/me-mobile/memobile-i-smart-pro,https://images.priceoye.pk/memobile-i-smart-pro-pakistan-priceoye-znpoa-100x100.webp,51Reviews,priceoye_output/images/141_Memobile_I_Smart_Pro.webp
Samsung Galaxy Z Flip 5,"Rs 217,999",,https://priceoye.pk/mobiles/samsung/samsung-galaxy-z-flip-5,https://images.priceoye.pk/samsung-galaxy-z-flip-5-pakistan-priceoye-xks8x-100x100.webp,43Reviews,priceoye_output/images/142_Samsung_Galaxy_Z_Flip_5.webp
QMobile Boom 200,"Rs 2,630",,https://priceoye.pk/mobiles/qmobile/qmobile-boom-200,https://images.priceoye.pk/qmobile-boom-200-pakistan-priceoye-h6r2q-100x100.webp,42Reviews,priceoye_output/images/143_QMobile_Boom_200.webp
Faywa F4,"Rs 2,899",,https://priceoye.pk/mobiles/faywa/faywa-f4,https://images.priceoye.pk/faywa-f4-pakistan-priceoye-gb0db-100x100.webp,,priceoye_output/images/144_Faywa_F4.webp
Gfive G96,"Rs 3,599",,https://priceoye.pk/mobiles/gfive/gfive-g96,https://images.priceoye.pk/gfive-g96-pakistan-priceoye-2k8pd-100x100.webp,4.99Reviews,priceoye_output/images/145_Gfive_G96.webp
Vgo tel i555,"Rs 3,699",,https://priceoye.pk/mobiles/vgo-tel/vgo-tel-i555,https://images.priceoye.pk/vgo-tel-i555-pakistan-priceoye-jyalj-100x100.webp,51Reviews,priceoye_output/images/146_Vgo_tel_i555.webp
Digit 4g Edge,"Rs 9,999",,https://priceoye.pk/mobiles/digit/digit-4g-edge,https://images.priceoye.pk/digit-4g-edge-pakistan-priceoye-1gycc-100x100.webp,51Reviews,priceoye_output/images/147_Digit_4g_Edge.webp
Digit D1,"Rs 2,999",,https://priceoye.pk/mobiles/digit/digit-d1,https://images.priceoye.pk/digit-d1-pakistan-priceoye-bwafo-100x100.webp,,priceoye_output/images/148_Digit_D1.webp
Calme 4G 8210,"Rs 7,999",,https://priceoye.pk/mobiles/calme/calme-4g-8210,https://images.priceoye.pk/calme-4g-8210-pakistan-priceoye-47kgo-100x100.webp,55Reviews,priceoye_output/images/149_Calme_4G_8210.webp
Samsung Galaxy S23 Ultra,"Rs 269,999",,https://priceoye.pk/mobiles/samsung/samsung-galaxy-s23-ultra,https://images.priceoye.pk/samsung-galaxy-s23-ultra-pakistan-priceoye-7uysk-100x100.webp,4.724Reviews,priceoye_output/images/150_Samsung_Galaxy_S23_Ultra.webp
Itel Neo X30+,"Rs 4,699",,https://priceoye.pk/mobiles/itel/itel-neo-x30,https://images.priceoye.pk/itel-neo-x30-pakistan-priceoye-gphno-100x100.webp,4.946Reviews,priceoye_output/images/151_Itel_Neo_X30_.webp
Honor X6c,"Rs 43,999",,https://priceoye.pk/mobiles/honor/honor-x6c,https://images.priceoye.pk/honor-x6c-pakistan-priceoye-vixo7-100x100.webp,4.9114Reviews,priceoye_output/images/152_Honor_X6c.webp
Itel A100,"Rs 31,999",,https://priceoye.pk/mobiles/itel/itel-a100,https://images.priceoye.pk/itel-a100-pakistan-priceoye-e1m2r-100x100.webp,58Reviews,priceoye_output/images/153_Itel_A100.webp
VGO TEL New 17,"Rs 25,199",,https://priceoye.pk/mobiles/vgo-tel/vgo-tel-new-17,https://images.priceoye.pk/vgo-tel-new-17-pakistan-priceoye-st0nm-100x100.webp,4.913Reviews,priceoye_output/images/154_VGO_TEL_New_17.webp
Dcode Cygnal Ultra,"Rs 36,999",,https://priceoye.pk/mobiles/dcode/dcode-cygnal-ultra,https://images.priceoye.pk/dcode-cygnal-ultra-pakistan-priceoye-vbv9e-100x100.webp,53Reviews,priceoye_output/images/155_Dcode_Cygnal_Ultra.webp
Dcode Cygnal Prime,"Rs 32,799",,https://priceoye.pk/mobiles/dcode/dcode-cygnal-prime,https://images.priceoye.pk/dcode-cygnal-prime-pakistan-priceoye-35con-100x100.webp,4.69Reviews,priceoye_output/images/156_Dcode_Cygnal_Prime.webp
Dcode Cygnal Evo,"Rs 28,999",,https://priceoye.pk/mobiles/dcode/dcode-cygnal-evo,https://images.priceoye.pk/dcode-cygnal-evo-pakistan-priceoye-ugp2x-100x100.webp,51Reviews,priceoye_output/images/157_Dcode_Cygnal_Evo.webp
Honor X5c,"Rs 30,999",,https://priceoye.pk/mobiles/honor/honor-x5c,https://images.priceoye.pk/honor-x5c-pakistan-priceoye-u3d45-100x100.webp,4.54Reviews,priceoye_output/images/158_Honor_X5c.webp
Oppo A6K,"Rs 59,499",,https://priceoye.pk/mobiles/oppo/oppo-a6k,https://images.priceoye.pk/oppo-a6k-pakistan-priceoye-eg41b-100x100.webp,4.814Reviews,priceoye_output/images/159_Oppo_A6K.webp
Realme 16 5G,"Rs 114,499",,https://priceoye.pk/mobiles/realme/realme-16-5g,https://images.priceoye.pk/realme-16-5g-pakistan-priceoye-gxzcv-100x100.webp,51Reviews,priceoye_output/images/160_Realme_16_5G.webp
Vivo V70 FE,"Rs 119,999",,https://priceoye.pk/mobiles/vivo/vivo-v70-fe,https://images.priceoye.pk/vivo-v70-fe-pakistan-priceoye-p60yc-100x100.webp,4.918Reviews,priceoye_output/images/161_Vivo_V70_FE.webp
Samsung Galaxy A37 5G,"Rs 133,399",,https://priceoye.pk/mobiles/samsung/samsung-galaxy-a37-5g,https://images.priceoye.pk/samsung-galaxy-a37-5g-pakistan-priceoye-y6eu2-100x100.webp,52Reviews,priceoye_output/images/162_Samsung_Galaxy_A37_5G.webp
Sego Hot 100,"Rs 27,700",,https://priceoye.pk/mobiles/sego/sego-hot-100,https://images.priceoye.pk/sego-hot-100-pakistan-priceoye-6az2a-100x100.webp,51Reviews,priceoye_output/images/163_Sego_Hot_100.webp
HMD 102,"Rs 3,799",,https://priceoye.pk/mobiles/hmd/hmd-102,https://images.priceoye.pk/hmd-102-pakistan-priceoye-uyti3-100x100.webp,,priceoye_output/images/164_HMD_102.webp
Sego Value 200,"Rs 2,299",,https://priceoye.pk/mobiles/sego/sego-value-200,https://images.priceoye.pk/sego-value-200-pakistan-priceoye-dajtd-100x100.webp,4.68Reviews,priceoye_output/images/165_Sego_Value_200.webp
Faywa F21,"Rs 2,199",,https://priceoye.pk/mobiles/faywa/faywa-f21,https://images.priceoye.pk/faywa-f21-pakistan-priceoye-umyhh-100x100.webp,4.97Reviews,priceoye_output/images/166_Faywa_F21.webp
Nothing Phone 3a Lite 5G,"Rs 94,999",,https://priceoye.pk/mobiles/nothing/nothing-phone-3a-lite-5g,https://images.priceoye.pk/nothing-phone-3a-lite-pakistan-priceoye-xttbf-100x100.webp,4.97Reviews,priceoye_output/images/167_Nothing_Phone_3a_Lite_5G.webp
Samsung Galaxy S26 Plus,"Rs 325,999",,https://priceoye.pk/mobiles/samsung/samsung-galaxy-s26-plus,https://images.priceoye.pk/samsung-galaxy-s26-plus-pakistan-priceoye-fgo62-100x100.webp,51Reviews,priceoye_output/images/168_Samsung_Galaxy_S26_Plus.webp
Nothing Phone 4a Pro,"Rs 231,999",,https://priceoye.pk/mobiles/nothing/nothing-phone-4a-pro,https://images.priceoye.pk/nothing-phone-4a-pro-pakistan-priceoye-whsyq-100x100.webp,51Reviews,priceoye_output/images/169_Nothing_Phone_4a_Pro.webp
Digit 260,"Rs 1,999",,https://priceoye.pk/mobiles/digit/digit-260,https://images.priceoye.pk/digit-260-pakistan-priceoye-hmdse-100x100.webp,51Reviews,priceoye_output/images/170_Digit_260.webp
HMD 105 Pure,"Rs 3,049",,https://priceoye.pk/mobiles/hmd/hmd-105-pure,https://images.priceoye.pk/hmd-105-pure-pakistan-priceoye-rnspb-100x100.webp,4.715Reviews,priceoye_output/images/171_HMD_105_Pure.webp
QMobile E4 2025,"Rs 2,999",,https://priceoye.pk/mobiles/qmobile/qmobile-e4-2025,https://images.priceoye.pk/qmobile-e4-2025-pakistan-priceoye-24xcs-100x100.webp,,priceoye_output/images/172_QMobile_E4_2025.webp
QMobile Q6303 Metal,"Rs 3,749",,https://priceoye.pk/mobiles/qmobile/qmobile-q6303-metal,https://images.priceoye.pk/qmobile-q6303-metal-pakistan-priceoye-r1v3i-100x100.webp,53Reviews,priceoye_output/images/173_QMobile_Q6303_Metal.webp
Nokia 105 Classic,"Rs 3,249",,https://priceoye.pk/mobiles/nokia/nokia-105-classic,https://images.priceoye.pk/nokia-105-classic-pakistan-priceoye-m7a36-100x100.webp,4.8226Reviews,priceoye_output/images/174_Nokia_105_Classic.webp
Gfive Pro 16,"Rs 22,999",,https://priceoye.pk/mobiles/gfive/gfive-16-pro,https://images.priceoye.pk/gfive-16-pro-pakistan-priceoye-zzibk-100x100.webp,4.84Reviews,priceoye_output/images/175_Gfive_Pro_16.webp
Dcode Cygnal X,"Rs 24,499",,https://priceoye.pk/mobiles/dcode/dcode-cygnal-x,https://images.priceoye.pk/dcode-cygnal-x-pakistan-priceoye-q01eu-100x100.webp,56Reviews,priceoye_output/images/176_Dcode_Cygnal_X.webp
Villaon V50s,"Rs 18,599",,https://priceoye.pk/mobiles/villaon/villaon-v50s,https://images.priceoye.pk/villaon-v50s-pakistan-priceoye-vr214-100x100.webp,52Reviews,priceoye_output/images/177_Villaon_V50s.webp
