title,model_code,price,product_url,image_url,local_image
Galaxy A27 5G,SM-A276BLIJPKD,"PKR 124,999",https://www.samsung.com/pk/smartphones/galaxy-a/galaxy-a27-5g-light-pink-256gb-sm-a276blijpkd/,//images.samsung.com/is/image/samsung/p6pim/pk/sm-a276blijpkd/gallery/pk-galaxy-a27-5g-sm-a276-sm-a276blijpkd-thumb-554203370,samsung_output/images/01_Galaxy_A27_5G.png
Galaxy A17 5G,SM-A176BZAGPKD,"PKR 99,999",https://www.samsung.com/pk/smartphones/galaxy-a/galaxy-a17-5g-gray-256gb-sm-a176bzagpkd/,//images.samsung.com/is/image/samsung/p6pim/pk/sm-a176bzagpkd/gallery/pk-galaxy-a17-5g-sm-a176-sm-a176bzagpkd-thumb-554071283,samsung_output/images/02_Galaxy_A17_5G.png
Galaxy A37 5G,SM-A376BDGVPKD,"PKR 152,999",https://www.samsung.com/pk/smartphones/galaxy-a/galaxy-a37-5g-awesome-graygreen-256gb-sm-a376bdgvpkd/,//images.samsung.com/is/image/samsung/p6pim/pk/sm-a376bdgvpkd/gallery/pk-galaxy-a37-5g-sm-a376-sm-a376bdgvpkd-thumb-552380107,samsung_output/images/03_Galaxy_A37_5G.png
Galaxy A57 5G,SM-A576BDBPPKD,"PKR 167,999",https://www.samsung.com/pk/smartphones/galaxy-a/galaxy-a57-5g-awesome-navy-256gb-sm-a576bdbppkd/,//images.samsung.com/is/image/samsung/p6pim/pk/sm-a576bdbppkd/gallery/pk-galaxy-a57-5g-sm-a576-sm-a576bdbppkd-thumb-552382159,samsung_output/images/04_Galaxy_A57_5G.png
Galaxy S26,SM-S942BZKPPKD,"PKR 379,999",https://www.samsung.com/pk/smartphones/galaxy-s26/buy/?modelCode=SM-S942BZKPPKD,//images.samsung.com/is/image/samsung/p6pim/pk/s2602/gallery/pk-galaxy-s26-s942-sm-s942bzkppkd-thumb-550915707,samsung_output/images/05_Galaxy_S26.png
Galaxy S26+,SM-S947BZKOPKD,"PKR 444,999",https://www.samsung.com/pk/smartphones/galaxy-s26/buy/?modelCode=SM-S947BZKOPKD,//images.samsung.com/is/image/samsung/p6pim/pk/s2602/gallery/pk-galaxy-s26-s947-sm-s947bzkopkd-thumb-550915926,samsung_output/images/06_Galaxy_S26_.png
Galaxy S26 Ultra,SM-S948BZVOPKD,"PKR 519,999",https://www.samsung.com/pk/smartphones/galaxy-s26-ultra/buy/?modelCode=SM-S948BZVOPKD,//images.samsung.com/is/image/samsung/p6pim/pk/s2602/gallery/pk-galaxy-s26-ultra-s948-sm-s948bzvopkd-thumb-550917052,samsung_output/images/07_Galaxy_S26_Ultra.png
Galaxy A07,SM-A075FLVDPKD,"PKR 42,999",https://www.samsung.com/pk/smartphones/galaxy-a/galaxy-a07-light-violet-64gb-sm-a075flvdpkd/,//images.samsung.com/is/image/samsung/p6pim/pk/sm-a075flvdpkd/gallery/pk-galaxy-a07-sm-a075-sm-a075flvdpkd-thumb-548696144,samsung_output/images/08_Galaxy_A07.png
Galaxy A17,SM-A175FZAOPKD,"PKR 94,999",https://www.samsung.com/pk/smartphones/galaxy-a/galaxy-a17-gray-256gb-sm-a175fzaopkd/,//images.samsung.com/is/image/samsung/p6pim/pk/sm-a175fzaopkd/gallery/pk-galaxy-a17-sm-a175-sm-a175fzaopkd-thumb-549001563,samsung_output/images/09_Galaxy_A17.png
Galaxy S25 FE,SM-S731BDBWPKD,"PKR 254,999",https://www.samsung.com/pk/smartphones/galaxy-s/galaxy-s25-fe-navy-512gb-sm-s731bdbwpkd/,//images.samsung.com/is/image/samsung/p6pim/pk/sm-s731bdbwpkd/gallery/pk-galaxy-s25-fe-sm-s731-562279-sm-s731bdbwpkd-thumb-549078360,samsung_output/images/10_Galaxy_S25_FE.png
Galaxy A26 5G,SM-A266BZIJPKD,"PKR 94,999",https://www.samsung.com/pk/smartphones/galaxy-a/galaxy-a26-5g-peach-pink-256gb-sm-a266bzijpkd/,//images.samsung.com/is/image/samsung/p6pim/pk/sm-a266bzijpkd/gallery/pk-galaxy-a26-5g-sm-a266-sm-a266bzijpkd-thumb-545584798,samsung_output/images/11_Galaxy_A26_5G.png
Galaxy A36 5G,SM-A366BZKVPKD,"PKR 119,999",https://www.samsung.com/pk/smartphones/galaxy-a/galaxy-a36-5g-awesome-black-256gb-sm-a366bzkvpkd/,//images.samsung.com/is/image/samsung/p6pim/pk/sm-a366bzkvpkd/gallery/pk-galaxy-a36-5g-sm-a366-sm-a366bzkvpkd-thumb-545585329,samsung_output/images/12_Galaxy_A36_5G.png
Galaxy A56 5G,SM-A566BLIWPKD,"PKR 137,999",https://www.samsung.com/pk/smartphones/galaxy-a/galaxy-a56-5g-awesome-pink-256gb-sm-a566bliwpkd/,//images.samsung.com/is/image/samsung/p6pim/pk/sm-a566bliwpkd/gallery/pk-galaxy-a56-5g-sm-a566-sm-a566bliwpkd-thumb-545585605,samsung_output/images/13_Galaxy_A56_5G.png
Galaxy S25 Ultra,SM-S938BZSOPKD,"PKR 459,999",https://www.samsung.com/pk/smartphones/galaxy-s25-ultra/buy/?modelCode=SM-S938BZSOPKD,//images.samsung.com/is/image/samsung/p6pim/pk/2501/gallery/pk-galaxy-s25-s938-sm-s938bzsopkd-thumb-544708435,samsung_output/images/14_Galaxy_S25_Ultra.png
Galaxy S24 FE,SM-S721BZKCPKD,"PKR 219,999",https://www.samsung.com/pk/smartphones/galaxy-s/galaxy-s24-fe-graphite-256gb-sm-s721bzkcpkd/,//images.samsung.com/is/image/samsung/p6pim/pk/sm-s721bzkcpkd/gallery/pk-galaxy-s24-fe-s721-sm-s721bzkcpkd-thumb-543638028,samsung_output/images/15_Galaxy_S24_FE.png
Galaxy S24 Ultra (Online Exclusive),SM-S928BLGWPKD,"PKR 541,999",https://www.samsung.com/pk/smartphones/galaxy-s24-ultra/buy/?modelCode=SM-S928BLGWPKD,//images.samsung.com/is/image/samsung/p6pim/pk/sm-s928blgwpkd/gallery/pk-galaxy-s24-s928-519417-sm-s928blgwpkd-thumb-543035563,samsung_output/images/16_Galaxy_S24_Ultra__Online_Exclusive_.png
Galaxy Z Flip6,SM-F741BLGEPKD,"PKR 384,999",https://www.samsung.com/pk/smartphones/galaxy-z-flip6/buy/?modelCode=SM-F741BLGEPKD,//images.samsung.com/is/image/samsung/p6pim/pk/sm-f741blgepkd/gallery/pk-galaxy-zflip6-f741-519770-sm-f741blgepkd-thumb-543086488,samsung_output/images/17_Galaxy_Z_Flip6.png
Galaxy A55 5G,SM-A556EZKWPKD,"PKR 139,999",https://www.samsung.com/pk/smartphones/galaxy-a/galaxy-a55-5g-awesome-navy-256gb-sm-a556ezkwpkd/,//images.samsung.com/is/image/samsung/p6pim/pk/sm-a556ezkwpkd/gallery/pk-galaxy-a55-5g-sm-a556-sm-a556ezkwpkd-thumb-541456407,samsung_output/images/18_Galaxy_A55_5G.png
Galaxy A25 5G,SM-A256ELBHPKD,"PKR 98,500",https://www.samsung.com/pk/smartphones/galaxy-a/galaxy-a25-5g-light-blue-256gb-sm-a256elbhpkd/,//images.samsung.com/is/image/samsung/p6pim/pk/sm-a256elbhpkd/gallery/pk-galaxy-a25-5g-sm-a256-sm-a256elbhpkd-thumb-539617371,samsung_output/images/19_Galaxy_A25_5G.png
Galaxy S24 Ultra,SM-S928BZTWPKD,"PKR 541,999",https://www.samsung.com/pk/smartphones/galaxy-s24-ultra/buy/?modelCode=SM-S928BZTWPKD,//images.samsung.com/is/image/samsung/p6pim/pk/sm-s928bztwpkd/gallery/pk-galaxy-s24-s928-489293-sm-s928bztwpkd-thumb-540477148,samsung_output/images/20_Galaxy_S24_Ultra.png
Galaxy A34 5G,SM-A346ELGEPKD,"PKR 116,999",https://www.samsung.com/pk/smartphones/galaxy-a/galaxy-a34-5g-awesome-lime-256gb-sm-a346elgepkd/,//images.samsung.com/is/image/samsung/p6pim/pk/sm-a346elgepkd/gallery/pk-galaxy-a34-5g-sm-a346-sm-a346elgepkd-thumb-538124879,samsung_output/images/21_Galaxy_A34_5G.png
Galaxy Z Fold5,SM-F946BZEGPKD,"PKR 656,999",https://www.samsung.com/pk/smartphones/galaxy-z/galaxy-z-fold5-cream-512gb-sm-f946bzegpkd/,//images.samsung.com/is/image/samsung/p6pim/pk/sm-f946bzegpkd/gallery/pk-galaxy-z-fold5-f946-472130-sm-f946bzegpkd-thumb-538237532,samsung_output/images/22_Galaxy_Z_Fold5.png
Galaxy A13,SM-A135FLBGPKD,"PKR 57,999",https://www.samsung.com/pk/smartphones/galaxy-a/galaxy-a13-light-blue-64gb-sm-a135flbgpkd/,//images.samsung.com/is/image/samsung/p6pim/pk/sm-a135flbgpkd/gallery/pk-galaxy-a13-sm-a135-sm-a135flbgpkd-thumb-532103437,samsung_output/images/23_Galaxy_A13.png
